Case_ID;AST_Claude;AST_GPT;AST_Gemini;verdict_AST_Claude;verdict_AST_GPT;verdict_AST_Gemini
Case_006_AnkiDroid_SINTETICO_1_BUG;MethodCall_Other MethodCall_Other TryStatement HasFinallyBlock MethodCall_Other MethodCall_close MethodCall_Other MethodCall_Other TryStatement HasFinallyBlock MethodCall_Other MethodCall_Other MethodCall_close;TryStatement HasFinallyBlock MethodCall_Other MethodCall_Other MethodCall_Other MethodCall_close TryStatement HasFinallyBlock MethodCall_Other MethodCall_Other MethodCall_Other MethodCall_Other MethodCall_close;TryStatement HasResources_ImplicitClose MethodCall_Other MethodCall_Other MethodCall_Other TryStatement HasResources_ImplicitClose MethodCall_Other MethodCall_Other MethodCall_Other MethodCall_Other;0;0;1
Case_006_AnkiDroid_SINTETICO_2_BUG;MethodCall_Other TryStatement HasFinallyBlock MethodCall_Other MethodCall_Other MethodCall_close MethodCall_Other TryStatement HasFinallyBlock MethodCall_Other MethodCall_close;TryStatement HasFinallyBlock MethodCall_Other MethodCall_Other MethodCall_Other MethodCall_close TryStatement HasFinallyBlock MethodCall_Other MethodCall_Other MethodCall_close;TryStatement HasResources_ImplicitClose MethodCall_Other MethodCall_Other MethodCall_Other TryStatement HasResources_ImplicitClose MethodCall_Other MethodCall_Other;0;0;1
Case_006_AnkiDroid_SINTETICO_3_BUG;MethodCall_Other TryStatement HasFinallyBlock MethodCall_Other MethodCall_Other MethodCall_close MethodCall_Other TryStatement HasFinallyBlock MethodCall_Other MethodCall_close;MethodCall_Other TryStatement HasFinallyBlock MethodCall_Other MethodCall_Other MethodCall_close MethodCall_Other TryStatement HasFinallyBlock MethodCall_Other MethodCall_close;TryStatement HasResources_ImplicitClose MethodCall_Other MethodCall_Other MethodCall_Other TryStatement HasResources_ImplicitClose MethodCall_Other MethodCall_Other;0;0;1
Case_006_AnkiDroid_SINTETICO_4_BUG;MethodCall_Other TryStatement HasFinallyBlock MethodCall_Other MethodCall_Other MethodCall_close MethodCall_Other TryStatement HasFinallyBlock MethodCall_Other MethodCall_close;TryStatement HasFinallyBlock MethodCall_Other MethodCall_Other MethodCall_Other MethodCall_close TryStatement HasFinallyBlock MethodCall_Other MethodCall_Other MethodCall_close;TryStatement HasResources_ImplicitClose MethodCall_Other MethodCall_Other MethodCall_Other TryStatement HasResources_ImplicitClose MethodCall_Other MethodCall_Other;0;0;1
Case_006_AnkiDroid_SINTETICO_5_BUG;MethodCall_Other MethodCall_Other TryStatement HasFinallyBlock MethodCall_Other MethodCall_Other MethodCall_close MethodCall_Other MethodCall_Other TryStatement HasFinallyBlock MethodCall_Other MethodCall_close;MethodCall_Other MethodCall_Other TryStatement HasFinallyBlock MethodCall_Other MethodCall_Other MethodCall_close MethodCall_Other MethodCall_Other TryStatement HasFinallyBlock MethodCall_Other MethodCall_close;TryStatement HasResources_ImplicitClose MethodCall_Other MethodCall_Other MethodCall_Other MethodCall_Other TryStatement HasResources_ImplicitClose MethodCall_Other MethodCall_Other MethodCall_Other;0;0;1
Case_006_AnkiDroid_SINTETICO_6_BUG;MethodCall_Other TryStatement HasFinallyBlock MethodCall_Other MethodCall_Other MethodCall_close MethodCall_Other TryStatement HasFinallyBlock MethodCall_Other MethodCall_close;TryStatement HasFinallyBlock MethodCall_Other MethodCall_Other MethodCall_Other MethodCall_close TryStatement HasFinallyBlock MethodCall_Other MethodCall_Other MethodCall_close;TryStatement HasResources_ImplicitClose MethodCall_Other MethodCall_Other MethodCall_Other TryStatement HasResources_ImplicitClose MethodCall_Other MethodCall_Other;0;0;1
Case_006_AnkiDroid_SINTETICO_7_BUG;MethodCall_Other TryStatement HasFinallyBlock MethodCall_Other MethodCall_Other MethodCall_close MethodCall_Other TryStatement HasFinallyBlock MethodCall_Other MethodCall_Other MethodCall_close;TryStatement HasFinallyBlock MethodCall_Other MethodCall_Other MethodCall_Other MethodCall_close TryStatement HasFinallyBlock MethodCall_Other MethodCall_Other MethodCall_Other MethodCall_close;TryStatement HasResources_ImplicitClose MethodCall_Other MethodCall_Other MethodCall_Other TryStatement HasResources_ImplicitClose MethodCall_Other MethodCall_Other MethodCall_Other;0;0;1
Case_006_AnkiDroid_SINTETICO_8_BUG;MethodCall_Other TryStatement HasFinallyBlock MethodCall_Other MethodCall_close MethodCall_Other TryStatement HasFinallyBlock MethodCall_Other MethodCall_Other MethodCall_close;TryStatement HasFinallyBlock MethodCall_Other MethodCall_Other MethodCall_close TryStatement HasFinallyBlock MethodCall_Other MethodCall_Other MethodCall_Other MethodCall_close;TryStatement HasResources_ImplicitClose MethodCall_Other MethodCall_Other TryStatement HasResources_ImplicitClose MethodCall_Other MethodCall_Other MethodCall_Other;0;0;1
Case_006_AnkiDroid_SINTETICO_9_BUG;MethodCall_Other TryStatement HasFinallyBlock MethodCall_Other MethodCall_Other MethodCall_close MethodCall_Other TryStatement HasFinallyBlock MethodCall_Other MethodCall_close;TryStatement HasFinallyBlock MethodCall_Other MethodCall_Other MethodCall_Other MethodCall_close TryStatement HasFinallyBlock MethodCall_Other MethodCall_Other MethodCall_close;TryStatement HasResources_ImplicitClose MethodCall_Other MethodCall_Other MethodCall_Other TryStatement HasResources_ImplicitClose MethodCall_Other MethodCall_Other;0;0;1
Case_006_AnkiDroid_SINTETICO_10_BUG;MethodCall_Other TryStatement HasFinallyBlock MethodCall_Other MethodCall_Other MethodCall_close MethodCall_Other TryStatement HasFinallyBlock MethodCall_Other MethodCall_close;TryStatement HasFinallyBlock MethodCall_Other MethodCall_Other MethodCall_Other MethodCall_close TryStatement HasFinallyBlock MethodCall_Other MethodCall_Other MethodCall_close;TryStatement HasResources_ImplicitClose MethodCall_Other MethodCall_Other MethodCall_Other TryStatement HasResources_ImplicitClose MethodCall_Other MethodCall_Other;0;0;1
Case_029_Osmand_SINTETICO_1_BUG;MethodCall_Other MethodCall_Other TryStatement HasFinallyBlock MethodCall_Other MethodCall_Other MethodCall_Other MethodCall_Other MethodCall_close;TryStatement HasResources_ImplicitClose MethodCall_Other MethodCall_Other MethodCall_Other MethodCall_Other MethodCall_Other MethodCall_Other;TryStatement HasResources_ImplicitClose MethodCall_Other MethodCall_Other MethodCall_Other MethodCall_Other MethodCall_Other MethodCall_Other;0;1;1
Case_029_Osmand_SINTETICO_2_BUG;MethodCall_Other MethodCall_Other TryStatement HasFinallyBlock MethodCall_Other MethodCall_Other MethodCall_Other MethodCall_Other MethodCall_Other MethodCall_close;TryStatement HasResources_ImplicitClose MethodCall_Other MethodCall_Other MethodCall_Other MethodCall_Other MethodCall_Other MethodCall_Other MethodCall_Other;TryStatement HasResources_ImplicitClose MethodCall_Other MethodCall_Other MethodCall_Other MethodCall_Other MethodCall_Other MethodCall_Other MethodCall_Other;0;1;1
Case_029_Osmand_SINTETICO_3_BUG;TryStatement HasFinallyBlock MethodCall_Other MethodCall_Other MethodCall_Other MethodCall_Other MethodCall_close;TryStatement HasFinallyBlock MethodCall_Other MethodCall_Other MethodCall_Other MethodCall_Other MethodCall_close;TryStatement HasFinallyBlock MethodCall_Other MethodCall_Other MethodCall_Other MethodCall_Other MethodCall_close;0;0;0
Case_029_Osmand_SINTETICO_4_BUG;MethodCall_Other MethodCall_Other MethodCall_Other MethodCall_Other TryStatement HasFinallyBlock MethodCall_Other MethodCall_Other MethodCall_Other MethodCall_Other MethodCall_Other MethodCall_close;TryStatement HasResources_ImplicitClose MethodCall_Other MethodCall_Other MethodCall_Other MethodCall_Other MethodCall_Other MethodCall_Other MethodCall_Other MethodCall_Other MethodCall_Other;TryStatement HasResources_ImplicitClose MethodCall_Other MethodCall_Other MethodCall_Other MethodCall_Other MethodCall_Other MethodCall_Other MethodCall_Other MethodCall_Other MethodCall_Other;0;1;1
Case_029_Osmand_SINTETICO_5_BUG;TryStatement HasFinallyBlock MethodCall_Other MethodCall_Other MethodCall_Other MethodCall_Other MethodCall_Other MethodCall_Other MethodCall_close;TryStatement HasFinallyBlock MethodCall_Other MethodCall_Other MethodCall_Other MethodCall_Other MethodCall_Other MethodCall_Other MethodCall_close;TryStatement HasFinallyBlock MethodCall_Other MethodCall_Other MethodCall_Other MethodCall_Other MethodCall_Other MethodCall_Other MethodCall_close;0;0;0
Case_029_Osmand_SINTETICO_6_BUG;TryStatement HasFinallyBlock MethodCall_Other MethodCall_Other MethodCall_Other MethodCall_Other MethodCall_Other MethodCall_Other MethodCall_Other MethodCall_Other MethodCall_close;TryStatement HasResources_ImplicitClose MethodCall_Other MethodCall_Other MethodCall_Other MethodCall_Other MethodCall_Other MethodCall_Other MethodCall_Other MethodCall_Other;MethodCall_Other MethodCall_Other TryStatement HasFinallyBlock MethodCall_Other MethodCall_Other MethodCall_Other MethodCall_Other MethodCall_Other MethodCall_Other MethodCall_close;0;1;0
Case_029_Osmand_SINTETICO_7_BUG;TryStatement HasFinallyBlock MethodCall_Other MethodCall_Other MethodCall_Other MethodCall_Other MethodCall_Other MethodCall_Other MethodCall_Other MethodCall_Other MethodCall_Other MethodCall_Other MethodCall_Other MethodCall_close;TryStatement HasResources_ImplicitClose MethodCall_Other MethodCall_Other MethodCall_Other MethodCall_Other MethodCall_Other MethodCall_Other MethodCall_Other MethodCall_Other MethodCall_Other MethodCall_Other MethodCall_Other;MethodCall_Other MethodCall_Other MethodCall_Other MethodCall_Other MethodCall_Other TryStatement HasFinallyBlock MethodCall_Other MethodCall_Other MethodCall_Other MethodCall_Other MethodCall_Other MethodCall_Other MethodCall_close;0;1;0
Case_029_Osmand_SINTETICO_8_BUG;TryStatement HasFinallyBlock MethodCall_Other MethodCall_Other MethodCall_Other MethodCall_Other MethodCall_Other MethodCall_Other MethodCall_Other MethodCall_Other MethodCall_Other MethodCall_close;TryStatement HasResources_ImplicitClose MethodCall_Other MethodCall_Other MethodCall_Other MethodCall_Other MethodCall_Other MethodCall_Other MethodCall_Other MethodCall_Other MethodCall_Other;TryStatement HasResources_ImplicitClose MethodCall_Other MethodCall_Other MethodCall_Other MethodCall_Other MethodCall_Other MethodCall_Other MethodCall_Other MethodCall_Other MethodCall_Other;0;1;1
Case_029_Osmand_SINTETICO_9_BUG;MethodCall_Other TryStatement HasFinallyBlock MethodCall_Other MethodCall_Other MethodCall_Other MethodCall_Other MethodCall_Other MethodCall_Other MethodCall_close;TryStatement HasResources_ImplicitClose MethodCall_Other MethodCall_Other MethodCall_Other MethodCall_Other MethodCall_Other MethodCall_Other MethodCall_Other;TryStatement HasResources_ImplicitClose MethodCall_Other MethodCall_Other MethodCall_Other MethodCall_Other MethodCall_Other MethodCall_Other MethodCall_Other;0;1;1
Case_029_Osmand_SINTETICO_10_BUG;TryStatement HasFinallyBlock MethodCall_Other MethodCall_Other MethodCall_Other MethodCall_Other MethodCall_Other MethodCall_Other MethodCall_Other MethodCall_Other MethodCall_Other MethodCall_close;TryStatement HasFinallyBlock MethodCall_Other MethodCall_Other MethodCall_Other MethodCall_Other MethodCall_Other MethodCall_Other MethodCall_Other MethodCall_Other MethodCall_Other MethodCall_close;TryStatement HasResources_ImplicitClose MethodCall_Other MethodCall_Other MethodCall_Other MethodCall_Other MethodCall_Other MethodCall_Other MethodCall_Other MethodCall_Other MethodCall_Other;0;0;1
Case_029_Osmand_SINTETICO_11_BUG;TryStatement HasFinallyBlock MethodCall_Other MethodCall_Other MethodCall_Other MethodCall_Other MethodCall_Other MethodCall_Other MethodCall_Other MethodCall_close;TryStatement HasResources_ImplicitClose MethodCall_Other MethodCall_Other MethodCall_Other MethodCall_Other MethodCall_Other MethodCall_Other MethodCall_Other;TryStatement HasResources_ImplicitClose MethodCall_Other MethodCall_Other MethodCall_Other MethodCall_Other MethodCall_Other MethodCall_Other MethodCall_Other;0;1;1
Case_049_Owncloud_SINTETICO_1_BUG;TryStatement HasFinallyBlock MethodCall_Other MethodCall_Other MethodCall_Other MethodCall_Other MethodCall_Other MethodCall_close;TryStatement HasFinallyBlock MethodCall_Other MethodCall_Other MethodCall_Other MethodCall_Other MethodCall_Other MethodCall_close;TryStatement HasFinallyBlock MethodCall_Other MethodCall_Other MethodCall_Other MethodCall_Other MethodCall_Other MethodCall_close;0;0;0
Case_049_Owncloud_SINTETICO_2_BUG;TryStatement HasFinallyBlock MethodCall_Other MethodCall_Other MethodCall_Other MethodCall_Other MethodCall_Other MethodCall_Other MethodCall_close MethodCall_Other;TryStatement HasResources_ImplicitClose MethodCall_Other MethodCall_Other MethodCall_Other MethodCall_Other MethodCall_Other MethodCall_Other MethodCall_Other;TryStatement HasResources_ImplicitClose MethodCall_Other MethodCall_Other MethodCall_Other MethodCall_Other MethodCall_Other MethodCall_Other MethodCall_Other;0;1;1
Case_049_Owncloud_SINTETICO_3_BUG;TryStatement HasFinallyBlock MethodCall_Other MethodCall_Other MethodCall_Other MethodCall_Other MethodCall_close MethodCall_Other;TryStatement HasResources_ImplicitClose MethodCall_Other MethodCall_Other MethodCall_Other MethodCall_Other MethodCall_Other;MethodCall_Other TryStatement HasFinallyBlock MethodCall_Other MethodCall_Other MethodCall_Other MethodCall_close MethodCall_Other;0;1;0
Case_049_Owncloud_SINTETICO_4_BUG;TryStatement HasFinallyBlock MethodCall_Other MethodCall_Other MethodCall_Other MethodCall_Other MethodCall_close MethodCall_Other;TryStatement HasFinallyBlock MethodCall_Other MethodCall_Other MethodCall_Other MethodCall_Other MethodCall_close MethodCall_Other;MethodCall_Other TryStatement HasFinallyBlock MethodCall_Other MethodCall_Other MethodCall_Other MethodCall_close MethodCall_Other;0;0;0
Case_049_Owncloud_SINTETICO_5_BUG;TryStatement HasFinallyBlock MethodCall_Other MethodCall_Other MethodCall_Other MethodCall_Other MethodCall_Other MethodCall_Other MethodCall_close MethodCall_Other;TryStatement HasFinallyBlock MethodCall_Other MethodCall_Other MethodCall_Other MethodCall_Other MethodCall_Other MethodCall_Other MethodCall_close MethodCall_Other;MethodCall_Other TryStatement HasFinallyBlock MethodCall_Other MethodCall_Other MethodCall_Other MethodCall_Other MethodCall_Other MethodCall_close MethodCall_Other;0;0;0
Case_049_Owncloud_SINTETICO_6_BUG;TryStatement HasFinallyBlock MethodCall_Other MethodCall_Other MethodCall_Other MethodCall_Other MethodCall_Other MethodCall_Other MethodCall_Other MethodCall_Other MethodCall_close MethodCall_Other;TryStatement HasFinallyBlock MethodCall_Other MethodCall_Other MethodCall_Other MethodCall_Other MethodCall_Other MethodCall_Other MethodCall_Other MethodCall_Other MethodCall_close MethodCall_Other;TryStatement HasResources_ImplicitClose MethodCall_Other MethodCall_Other MethodCall_Other MethodCall_Other MethodCall_Other MethodCall_Other MethodCall_Other MethodCall_Other MethodCall_Other;0;0;1
Case_049_Owncloud_SINTETICO_7_BUG;TryStatement HasFinallyBlock MethodCall_Other MethodCall_Other MethodCall_Other MethodCall_Other MethodCall_close MethodCall_Other;TryStatement HasFinallyBlock MethodCall_Other MethodCall_Other MethodCall_Other MethodCall_Other MethodCall_close MethodCall_Other;MethodCall_Other TryStatement HasFinallyBlock MethodCall_Other MethodCall_Other MethodCall_Other MethodCall_close MethodCall_Other;0;0;0
Case_049_Owncloud_SINTETICO_8_BUG;MethodCall_Other TryStatement HasFinallyBlock MethodCall_Other MethodCall_Other MethodCall_Other MethodCall_Other MethodCall_Other MethodCall_close MethodCall_Other;TryStatement HasFinallyBlock MethodCall_Other MethodCall_Other MethodCall_Other MethodCall_Other MethodCall_Other MethodCall_Other MethodCall_close MethodCall_Other;MethodCall_Other TryStatement HasFinallyBlock MethodCall_Other MethodCall_Other MethodCall_Other MethodCall_Other MethodCall_Other MethodCall_close MethodCall_Other;0;0;0
Case_049_Owncloud_SINTETICO_9_BUG;TryStatement HasFinallyBlock MethodCall_Other MethodCall_Other MethodCall_Other MethodCall_Other MethodCall_close MethodCall_Other;TryStatement HasResources_ImplicitClose MethodCall_Other MethodCall_Other MethodCall_Other MethodCall_Other MethodCall_Other;MethodCall_Other TryStatement HasFinallyBlock MethodCall_Other MethodCall_Other MethodCall_Other MethodCall_close MethodCall_Other;0;1;0
Case_049_Owncloud_SINTETICO_10_BUG;MethodCall_Other TryStatement HasFinallyBlock MethodCall_Other MethodCall_Other MethodCall_Other MethodCall_Other MethodCall_Other MethodCall_close MethodCall_Other;TryStatement HasFinallyBlock MethodCall_Other MethodCall_Other MethodCall_Other MethodCall_Other MethodCall_Other MethodCall_Other MethodCall_close MethodCall_Other;MethodCall_Other TryStatement HasFinallyBlock MethodCall_Other MethodCall_Other MethodCall_Other MethodCall_Other MethodCall_Other MethodCall_close MethodCall_Other;0;0;0
Case_049_Owncloud_SINTETICO_11_BUG;TryStatement HasFinallyBlock MethodCall_Other MethodCall_Other MethodCall_Other MethodCall_Other MethodCall_Other MethodCall_Other MethodCall_close MethodCall_Other;TryStatement HasFinallyBlock MethodCall_Other MethodCall_Other MethodCall_Other MethodCall_Other MethodCall_Other MethodCall_Other MethodCall_close MethodCall_Other;TryStatement HasResources_ImplicitClose MethodCall_Other MethodCall_Other MethodCall_Other MethodCall_Other MethodCall_Other MethodCall_Other MethodCall_Other;0;0;1
Case_069_OSMTracker_SINTETICO_1_BUG;MethodCall_Other TryStatement HasFinallyBlock MethodCall_Other MethodCall_Other MethodCall_Other MethodCall_Other MethodCall_close;TryStatement HasFinallyBlock MethodCall_Other MethodCall_Other MethodCall_Other MethodCall_Other MethodCall_Other MethodCall_close;MethodCall_Other TryStatement HasFinallyBlock MethodCall_Other MethodCall_Other MethodCall_Other MethodCall_Other MethodCall_close;0;0;0
Case_069_OSMTracker_SINTETICO_2_BUG;TryStatement HasFinallyBlock MethodCall_Other MethodCall_Other MethodCall_Other MethodCall_Other MethodCall_Other MethodCall_close;TryStatement HasFinallyBlock MethodCall_Other MethodCall_Other MethodCall_Other MethodCall_Other MethodCall_Other MethodCall_close;TryStatement HasResources_ImplicitClose MethodCall_Other MethodCall_Other MethodCall_Other MethodCall_Other MethodCall_Other;0;0;1
Case_069_OSMTracker_SINTETICO_3_BUG;MethodCall_Other TryStatement HasFinallyBlock MethodCall_Other MethodCall_Other MethodCall_Other MethodCall_Other MethodCall_Other MethodCall_Other MethodCall_close;TryStatement HasFinallyBlock MethodCall_Other MethodCall_Other MethodCall_Other MethodCall_Other MethodCall_Other MethodCall_Other MethodCall_Other MethodCall_close;TryStatement HasResources_ImplicitClose MethodCall_Other MethodCall_Other MethodCall_Other MethodCall_Other MethodCall_Other MethodCall_Other MethodCall_Other;0;0;1
Case_069_OSMTracker_SINTETICO_4_BUG;TryStatement HasFinallyBlock MethodCall_Other MethodCall_Other MethodCall_Other MethodCall_Other MethodCall_Other MethodCall_Other MethodCall_Other MethodCall_close;TryStatement HasResources_ImplicitClose MethodCall_Other MethodCall_Other MethodCall_Other MethodCall_Other MethodCall_Other MethodCall_Other MethodCall_Other;MethodCall_Other MethodCall_Other TryStatement HasFinallyBlock MethodCall_Other MethodCall_Other MethodCall_Other MethodCall_Other MethodCall_Other MethodCall_close;0;1;0
Case_069_OSMTracker_SINTETICO_5_BUG;MethodCall_Other TryStatement HasFinallyBlock MethodCall_Other MethodCall_Other MethodCall_Other MethodCall_Other MethodCall_close;TryStatement HasFinallyBlock MethodCall_Other MethodCall_Other MethodCall_Other MethodCall_Other MethodCall_Other MethodCall_close;TryStatement HasResources_ImplicitClose MethodCall_Other MethodCall_Other MethodCall_Other MethodCall_Other MethodCall_Other;0;0;1
Case_069_OSMTracker_SINTETICO_6_BUG;MethodCall_Other TryStatement HasFinallyBlock MethodCall_Other MethodCall_Other MethodCall_Other MethodCall_Other MethodCall_Other MethodCall_close;TryStatement HasFinallyBlock MethodCall_Other MethodCall_Other MethodCall_Other MethodCall_Other MethodCall_Other MethodCall_Other MethodCall_close;TryStatement HasResources_ImplicitClose MethodCall_Other MethodCall_Other MethodCall_Other MethodCall_Other MethodCall_Other MethodCall_Other;0;0;1
Case_069_OSMTracker_SINTETICO_7_BUG;MethodCall_Other TryStatement HasFinallyBlock MethodCall_Other MethodCall_Other MethodCall_Other MethodCall_Other MethodCall_close;TryStatement HasFinallyBlock MethodCall_Other MethodCall_Other MethodCall_Other MethodCall_Other MethodCall_Other MethodCall_close;MethodCall_Other TryStatement HasFinallyBlock MethodCall_Other MethodCall_Other MethodCall_Other MethodCall_Other MethodCall_close;0;0;0
Case_069_OSMTracker_SINTETICO_8_BUG;MethodCall_Other TryStatement HasFinallyBlock MethodCall_Other MethodCall_Other MethodCall_Other MethodCall_Other MethodCall_Other MethodCall_Other MethodCall_Other MethodCall_close;TryStatement HasResources_ImplicitClose MethodCall_Other MethodCall_Other MethodCall_Other MethodCall_Other MethodCall_Other MethodCall_Other MethodCall_Other MethodCall_Other;TryStatement HasResources_ImplicitClose MethodCall_Other MethodCall_Other MethodCall_Other MethodCall_Other MethodCall_Other MethodCall_Other MethodCall_Other MethodCall_Other;0;1;1
Case_069_OSMTracker_SINTETICO_9_BUG;TryStatement HasFinallyBlock MethodCall_Other MethodCall_Other MethodCall_Other MethodCall_Other MethodCall_Other MethodCall_Other MethodCall_close;TryStatement HasFinallyBlock MethodCall_Other MethodCall_Other MethodCall_Other MethodCall_Other MethodCall_Other MethodCall_Other MethodCall_close;TryStatement HasResources_ImplicitClose MethodCall_Other MethodCall_Other MethodCall_Other MethodCall_Other MethodCall_Other MethodCall_Other;0;0;1
Case_069_OSMTracker_SINTETICO_10_BUG;MethodCall_Other TryStatement HasFinallyBlock MethodCall_Other MethodCall_Other MethodCall_Other MethodCall_Other MethodCall_close;TryStatement HasFinallyBlock MethodCall_Other MethodCall_Other MethodCall_Other MethodCall_Other MethodCall_Other MethodCall_close;TryStatement HasResources_ImplicitClose MethodCall_Other MethodCall_Other MethodCall_Other MethodCall_Other MethodCall_Other;0;0;1
Case_089_Wordpress_SINTETICO_1_BUG;MethodCall_Other MethodCall_Other MethodCall_close MethodCall_Other;MethodCall_Other MethodCall_Other MethodCall_close MethodCall_Other;MethodCall_Other MethodCall_Other MethodCall_close MethodCall_Other;0;0;0
Case_089_Wordpress_SINTETICO_2_BUG;MethodCall_Other MethodCall_Other MethodCall_close MethodCall_Other;MethodCall_Other MethodCall_Other MethodCall_Other MethodCall_close MethodCall_Other;MethodCall_Other MethodCall_Other MethodCall_close MethodCall_Other;0;1;0
Case_089_Wordpress_SINTETICO_3_BUG;MethodCall_Other MethodCall_Other MethodCall_close MethodCall_Other;MethodCall_Other MethodCall_Other MethodCall_Other MethodCall_close MethodCall_Other;MethodCall_Other MethodCall_Other MethodCall_close MethodCall_Other;0;1;0
Case_089_Wordpress_SINTETICO_4_BUG;MethodCall_Other MethodCall_Other MethodCall_close MethodCall_Other;MethodCall_Other MethodCall_close MethodCall_Other;MethodCall_Other MethodCall_Other MethodCall_close MethodCall_Other;0;0;0
Case_089_Wordpress_SINTETICO_5_BUG;MethodCall_Other MethodCall_Other MethodCall_close MethodCall_Other;MethodCall_close MethodCall_Other MethodCall_Other MethodCall_Other;MethodCall_Other MethodCall_Other MethodCall_close MethodCall_Other;0;0;0
Case_089_Wordpress_SINTETICO_6_BUG;MethodCall_Other MethodCall_Other MethodCall_close MethodCall_Other;MethodCall_Other MethodCall_Other MethodCall_Other MethodCall_close MethodCall_Other;MethodCall_Other MethodCall_Other MethodCall_close MethodCall_Other;0;1;0
Case_089_Wordpress_SINTETICO_7_BUG;MethodCall_Other MethodCall_Other MethodCall_close MethodCall_Other;MethodCall_Other MethodCall_Other MethodCall_close MethodCall_Other MethodCall_Other;MethodCall_Other MethodCall_Other MethodCall_close MethodCall_Other;0;1;0
Case_089_Wordpress_SINTETICO_8_BUG;MethodCall_Other MethodCall_Other MethodCall_close MethodCall_Other;MethodCall_Other MethodCall_Other MethodCall_close MethodCall_Other;MethodCall_Other MethodCall_Other MethodCall_close MethodCall_Other;0;0;0
Case_089_Wordpress_SINTETICO_9_BUG;MethodCall_Other MethodCall_Other MethodCall_close MethodCall_Other;MethodCall_Other MethodCall_close MethodCall_Other;MethodCall_Other MethodCall_Other MethodCall_close MethodCall_Other;0;0;0
Case_089_Wordpress_SINTETICO_10_BUG;MethodCall_Other MethodCall_Other MethodCall_close MethodCall_Other;MethodCall_Other MethodCall_Other MethodCall_Other MethodCall_close MethodCall_Other;MethodCall_Other MethodCall_Other MethodCall_close MethodCall_Other;0;1;0
Case_097_Wordpress_SINTETICO_1_BUG;MethodCall_Other MethodCall_Other MethodCall_close MethodCall_Other MethodCall_Other MethodCall_close MethodCall_Other;MethodCall_Other MethodCall_Other MethodCall_Other MethodCall_close MethodCall_Other MethodCall_Other MethodCall_Other MethodCall_close MethodCall_Other;MethodCall_Other MethodCall_Other MethodCall_Other MethodCall_Other MethodCall_Other;0;0;1
Case_097_Wordpress_SINTETICO_2_BUG;MethodCall_Other MethodCall_Other MethodCall_close MethodCall_Other MethodCall_Other MethodCall_close MethodCall_Other;MethodCall_Other MethodCall_Other MethodCall_Other MethodCall_close MethodCall_Other MethodCall_Other MethodCall_Other MethodCall_close MethodCall_Other;MethodCall_Other MethodCall_Other MethodCall_Other MethodCall_Other MethodCall_Other MethodCall_Other;0;0;1
Case_097_Wordpress_SINTETICO_3_BUG;MethodCall_Other MethodCall_Other MethodCall_close MethodCall_Other MethodCall_Other MethodCall_Other MethodCall_Other MethodCall_close MethodCall_Other MethodCall_Other;MethodCall_Other MethodCall_Other MethodCall_close MethodCall_Other MethodCall_Other MethodCall_Other MethodCall_Other MethodCall_close MethodCall_Other MethodCall_Other;MethodCall_Other MethodCall_close MethodCall_Other MethodCall_Other MethodCall_Other MethodCall_close MethodCall_Other MethodCall_Other;1;1;0
Case_097_Wordpress_SINTETICO_4_BUG;MethodCall_Other MethodCall_Other MethodCall_close MethodCall_Other MethodCall_Other MethodCall_close MethodCall_Other;MethodCall_Other MethodCall_Other MethodCall_Other MethodCall_close MethodCall_Other MethodCall_Other MethodCall_Other MethodCall_close MethodCall_Other;MethodCall_Other MethodCall_Other MethodCall_close MethodCall_Other MethodCall_Other MethodCall_close MethodCall_Other;0;0;0
Case_097_Wordpress_SINTETICO_5_BUG;MethodCall_Other MethodCall_Other MethodCall_close MethodCall_Other MethodCall_Other MethodCall_close MethodCall_Other;MethodCall_Other MethodCall_Other MethodCall_Other MethodCall_close MethodCall_Other MethodCall_Other MethodCall_Other MethodCall_close MethodCall_Other;MethodCall_Other MethodCall_Other MethodCall_Other MethodCall_Other MethodCall_Other MethodCall_Other;0;0;1
Case_097_Wordpress_SINTETICO_6_BUG;MethodCall_Other MethodCall_Other MethodCall_close MethodCall_Other MethodCall_Other MethodCall_Other MethodCall_Other MethodCall_close MethodCall_Other MethodCall_Other;MethodCall_Other MethodCall_Other MethodCall_close MethodCall_Other MethodCall_Other MethodCall_Other MethodCall_Other MethodCall_close MethodCall_Other MethodCall_Other;MethodCall_Other MethodCall_Other MethodCall_Other MethodCall_Other MethodCall_Other MethodCall_Other;1;1;1
Case_097_Wordpress_SINTETICO_7_BUG;MethodCall_Other MethodCall_Other MethodCall_close MethodCall_Other MethodCall_Other MethodCall_Other MethodCall_Other MethodCall_close MethodCall_Other MethodCall_Other;MethodCall_Other MethodCall_Other MethodCall_close MethodCall_Other MethodCall_Other MethodCall_Other MethodCall_Other MethodCall_close MethodCall_Other MethodCall_Other;MethodCall_Other MethodCall_close MethodCall_Other MethodCall_Other MethodCall_Other MethodCall_close MethodCall_Other MethodCall_Other;1;1;0
Case_097_Wordpress_SINTETICO_8_BUG;MethodCall_Other MethodCall_close MethodCall_Other MethodCall_Other MethodCall_Other MethodCall_close MethodCall_Other MethodCall_Other;MethodCall_Other MethodCall_Other MethodCall_close MethodCall_Other MethodCall_Other MethodCall_Other MethodCall_Other MethodCall_close MethodCall_Other MethodCall_Other;MethodCall_Other MethodCall_close MethodCall_Other MethodCall_Other MethodCall_Other MethodCall_close MethodCall_Other MethodCall_Other;0;1;0
Case_097_Wordpress_SINTETICO_9_BUG;MethodCall_Other MethodCall_close MethodCall_Other MethodCall_Other MethodCall_Other MethodCall_close MethodCall_Other MethodCall_Other;MethodCall_Other MethodCall_Other MethodCall_close MethodCall_Other MethodCall_Other MethodCall_Other MethodCall_Other MethodCall_close MethodCall_Other MethodCall_Other;MethodCall_Other MethodCall_Other MethodCall_Other MethodCall_Other MethodCall_Other MethodCall_Other;0;1;1
Case_097_Wordpress_SINTETICO_10_BUG;MethodCall_Other MethodCall_Other MethodCall_close MethodCall_Other MethodCall_Other MethodCall_Other MethodCall_Other MethodCall_close MethodCall_Other MethodCall_Other;MethodCall_Other MethodCall_Other MethodCall_close MethodCall_Other MethodCall_Other MethodCall_Other MethodCall_Other MethodCall_close MethodCall_Other MethodCall_Other;MethodCall_Other MethodCall_Other MethodCall_Other MethodCall_Other MethodCall_Other MethodCall_Other;1;1;1
Case_100_Wordpress_SINTETICO_1_BUG;MethodCall_Other MethodCall_Other MethodCall_Other MethodCall_close;MethodCall_Other MethodCall_Other MethodCall_Other MethodCall_Other MethodCall_close;MethodCall_Other MethodCall_Other MethodCall_Other MethodCall_close;0;1;0
Case_100_Wordpress_SINTETICO_2_BUG;MethodCall_Other MethodCall_Other MethodCall_Other MethodCall_close;MethodCall_Other MethodCall_Other MethodCall_Other MethodCall_Other MethodCall_close;MethodCall_Other MethodCall_Other MethodCall_Other;0;1;1
Case_100_Wordpress_SINTETICO_3_BUG;MethodCall_Other MethodCall_Other MethodCall_Other MethodCall_close;MethodCall_Other MethodCall_Other MethodCall_Other MethodCall_Other MethodCall_close;MethodCall_Other MethodCall_Other MethodCall_Other MethodCall_close;0;1;0
Case_100_Wordpress_SINTETICO_4_BUG;MethodCall_Other MethodCall_Other MethodCall_Other MethodCall_close;MethodCall_Other MethodCall_Other MethodCall_Other MethodCall_Other MethodCall_close;MethodCall_Other MethodCall_Other MethodCall_Other;0;1;1
Case_100_Wordpress_SINTETICO_5_BUG;MethodCall_Other MethodCall_Other MethodCall_Other MethodCall_close;MethodCall_Other MethodCall_Other MethodCall_Other MethodCall_Other MethodCall_close;MethodCall_Other MethodCall_Other MethodCall_Other MethodCall_close;0;1;0
Case_100_Wordpress_SINTETICO_6_BUG;MethodCall_Other MethodCall_Other MethodCall_Other MethodCall_close;MethodCall_Other MethodCall_Other MethodCall_Other MethodCall_Other MethodCall_close;MethodCall_Other MethodCall_Other MethodCall_Other MethodCall_close;0;1;0
Case_100_Wordpress_SINTETICO_7_BUG;MethodCall_Other MethodCall_Other MethodCall_Other MethodCall_close;MethodCall_Other MethodCall_Other MethodCall_Other MethodCall_Other MethodCall_close;MethodCall_Other MethodCall_Other MethodCall_Other MethodCall_close;0;1;0
Case_100_Wordpress_SINTETICO_8_BUG;MethodCall_Other MethodCall_Other MethodCall_Other MethodCall_close;MethodCall_Other MethodCall_Other MethodCall_Other MethodCall_Other MethodCall_close;MethodCall_Other MethodCall_Other MethodCall_Other MethodCall_close;0;1;0
Case_100_Wordpress_SINTETICO_9_BUG;SYNTAX_ERROR;MethodCall_Other MethodCall_Other MethodCall_Other MethodCall_Other MethodCall_close;MethodCall_Other MethodCall_Other MethodCall_Other;1;1;1
Case_100_Wordpress_SINTETICO_10_BUG;MethodCall_Other MethodCall_Other MethodCall_Other MethodCall_close;MethodCall_Other MethodCall_Other MethodCall_Other MethodCall_Other MethodCall_close;MethodCall_Other MethodCall_Other MethodCall_Other MethodCall_close;0;1;0
Case_133_Transdroid_SINTETICO_1_BUG;MethodCall_Other TryStatement HasFinallyBlock MethodCall_Other MethodCall_Other MethodCall_Other MethodCall_Other MethodCall_Other MethodCall_Other MethodCall_close;MethodCall_Other TryStatement HasFinallyBlock MethodCall_Other MethodCall_Other MethodCall_Other MethodCall_Other MethodCall_Other MethodCall_Other MethodCall_close;MethodCall_Other TryStatement HasFinallyBlock MethodCall_Other MethodCall_Other MethodCall_Other MethodCall_Other MethodCall_Other MethodCall_Other MethodCall_close;0;0;0
Case_133_Transdroid_SINTETICO_2_BUG;TryStatement HasFinallyBlock MethodCall_Other MethodCall_Other MethodCall_Other MethodCall_Other MethodCall_Other MethodCall_Other MethodCall_Other MethodCall_close;TryStatement HasFinallyBlock MethodCall_Other MethodCall_Other MethodCall_Other MethodCall_Other MethodCall_Other MethodCall_Other MethodCall_Other MethodCall_close;TryStatement HasResources_ImplicitClose MethodCall_Other MethodCall_Other MethodCall_Other MethodCall_Other MethodCall_Other MethodCall_Other MethodCall_Other;0;0;1
Case_133_Transdroid_SINTETICO_3_BUG;MethodCall_Other TryStatement HasFinallyBlock MethodCall_Other MethodCall_Other MethodCall_Other MethodCall_Other MethodCall_Other MethodCall_Other MethodCall_close;MethodCall_Other TryStatement HasFinallyBlock MethodCall_Other MethodCall_Other MethodCall_Other MethodCall_Other MethodCall_Other MethodCall_Other MethodCall_close;MethodCall_Other TryStatement HasFinallyBlock MethodCall_Other MethodCall_Other MethodCall_Other MethodCall_Other MethodCall_Other MethodCall_Other MethodCall_close;0;0;0
Case_133_Transdroid_SINTETICO_4_BUG;MethodCall_Other TryStatement HasFinallyBlock MethodCall_Other MethodCall_Other MethodCall_Other MethodCall_Other MethodCall_Other MethodCall_Other MethodCall_Other MethodCall_close;MethodCall_Other TryStatement HasFinallyBlock MethodCall_Other MethodCall_Other MethodCall_Other MethodCall_Other MethodCall_Other MethodCall_Other MethodCall_Other MethodCall_close;MethodCall_Other TryStatement HasFinallyBlock MethodCall_Other MethodCall_Other MethodCall_Other MethodCall_Other MethodCall_Other MethodCall_Other MethodCall_Other MethodCall_close;0;0;0
Case_133_Transdroid_SINTETICO_5_BUG;MethodCall_Other TryStatement HasFinallyBlock MethodCall_Other MethodCall_Other MethodCall_Other MethodCall_Other MethodCall_Other MethodCall_Other MethodCall_close;MethodCall_Other TryStatement HasFinallyBlock MethodCall_Other MethodCall_Other MethodCall_Other MethodCall_Other MethodCall_Other MethodCall_Other MethodCall_close;MethodCall_Other TryStatement HasFinallyBlock MethodCall_Other MethodCall_Other MethodCall_Other MethodCall_Other MethodCall_Other MethodCall_Other MethodCall_close;0;0;0
Case_133_Transdroid_SINTETICO_6_BUG;MethodCall_Other TryStatement HasFinallyBlock MethodCall_Other MethodCall_Other MethodCall_Other MethodCall_Other MethodCall_Other MethodCall_Other MethodCall_close;MethodCall_Other TryStatement HasFinallyBlock MethodCall_Other MethodCall_Other MethodCall_Other MethodCall_Other MethodCall_Other MethodCall_Other MethodCall_close;MethodCall_Other TryStatement HasFinallyBlock MethodCall_Other MethodCall_Other MethodCall_Other MethodCall_Other MethodCall_Other MethodCall_Other MethodCall_close;0;0;0
Case_133_Transdroid_SINTETICO_7_BUG;MethodCall_Other TryStatement HasFinallyBlock MethodCall_Other MethodCall_Other MethodCall_Other MethodCall_Other MethodCall_Other MethodCall_Other MethodCall_close;MethodCall_Other TryStatement HasFinallyBlock MethodCall_Other MethodCall_Other MethodCall_Other MethodCall_Other MethodCall_Other MethodCall_Other MethodCall_close;TryStatement HasResources_ImplicitClose MethodCall_Other MethodCall_Other MethodCall_Other MethodCall_Other MethodCall_Other MethodCall_Other MethodCall_Other;0;0;1
Case_133_Transdroid_SINTETICO_8_BUG;MethodCall_Other TryStatement HasFinallyBlock MethodCall_Other MethodCall_Other MethodCall_Other MethodCall_Other MethodCall_Other MethodCall_Other MethodCall_close;MethodCall_Other TryStatement HasFinallyBlock MethodCall_Other MethodCall_Other MethodCall_Other MethodCall_Other MethodCall_Other MethodCall_Other MethodCall_close;MethodCall_Other TryStatement HasFinallyBlock MethodCall_Other MethodCall_Other MethodCall_Other MethodCall_Other MethodCall_Other MethodCall_Other MethodCall_close;0;0;0
Case_133_Transdroid_SINTETICO_9_BUG;MethodCall_Other TryStatement HasFinallyBlock MethodCall_Other MethodCall_Other MethodCall_Other MethodCall_Other MethodCall_Other MethodCall_Other MethodCall_Other MethodCall_close;MethodCall_Other TryStatement HasFinallyBlock MethodCall_Other MethodCall_Other MethodCall_Other MethodCall_Other MethodCall_Other MethodCall_Other MethodCall_Other MethodCall_close;MethodCall_Other TryStatement HasFinallyBlock MethodCall_Other MethodCall_Other MethodCall_Other MethodCall_Other MethodCall_Other MethodCall_Other MethodCall_Other MethodCall_close;0;0;0
Case_133_Transdroid_SINTETICO_10_BUG;MethodCall_Other TryStatement HasFinallyBlock MethodCall_Other MethodCall_Other MethodCall_Other MethodCall_Other MethodCall_Other MethodCall_Other MethodCall_close;MethodCall_Other TryStatement HasFinallyBlock MethodCall_Other MethodCall_Other MethodCall_Other MethodCall_Other MethodCall_Other MethodCall_Other MethodCall_close;TryStatement HasResources_ImplicitClose MethodCall_Other MethodCall_Other MethodCall_Other MethodCall_Other MethodCall_Other MethodCall_Other MethodCall_Other;0;0;1
Case_139_APG_SINTETICO_1_BUG;MethodCall_Other MethodCall_Other TryStatement HasFinallyBlock MethodCall_Other MethodCall_Other MethodCall_close;MethodCall_Other MethodCall_Other TryStatement HasFinallyBlock MethodCall_Other MethodCall_Other MethodCall_close;MethodCall_Other MethodCall_Other TryStatement HasFinallyBlock MethodCall_Other MethodCall_Other MethodCall_close;0;0;0
Case_139_APG_SINTETICO_2_BUG;MethodCall_Other MethodCall_Other TryStatement HasFinallyBlock MethodCall_Other MethodCall_Other MethodCall_close;MethodCall_Other MethodCall_Other TryStatement HasFinallyBlock MethodCall_Other MethodCall_Other MethodCall_close;MethodCall_Other MethodCall_Other TryStatement HasFinallyBlock MethodCall_Other MethodCall_Other MethodCall_close;0;0;0
Case_139_APG_SINTETICO_3_BUG;MethodCall_Other MethodCall_Other TryStatement HasFinallyBlock MethodCall_Other MethodCall_Other MethodCall_close;TryStatement HasFinallyBlock MethodCall_Other MethodCall_Other MethodCall_Other MethodCall_Other MethodCall_close;MethodCall_Other MethodCall_Other TryStatement HasFinallyBlock MethodCall_Other MethodCall_Other MethodCall_close;0;0;0
Case_139_APG_SINTETICO_4_BUG;MethodCall_Other MethodCall_Other TryStatement HasFinallyBlock MethodCall_Other MethodCall_Other MethodCall_Other MethodCall_close;TryStatement HasFinallyBlock MethodCall_Other MethodCall_Other MethodCall_Other MethodCall_Other MethodCall_Other MethodCall_close;MethodCall_Other MethodCall_Other TryStatement HasFinallyBlock MethodCall_Other MethodCall_Other MethodCall_Other MethodCall_close;0;0;0
Case_139_APG_SINTETICO_5_BUG;MethodCall_Other MethodCall_Other TryStatement HasFinallyBlock MethodCall_Other MethodCall_Other MethodCall_close;MethodCall_Other MethodCall_Other TryStatement HasFinallyBlock MethodCall_Other MethodCall_Other MethodCall_close;MethodCall_Other MethodCall_Other TryStatement HasFinallyBlock MethodCall_Other MethodCall_Other MethodCall_close;0;0;0
Case_139_APG_SINTETICO_6_BUG;MethodCall_Other MethodCall_Other TryStatement HasFinallyBlock MethodCall_Other MethodCall_Other MethodCall_close;MethodCall_Other MethodCall_Other TryStatement HasFinallyBlock MethodCall_Other MethodCall_Other MethodCall_close;MethodCall_Other MethodCall_Other TryStatement HasFinallyBlock MethodCall_Other MethodCall_Other MethodCall_close;0;0;0
Case_139_APG_SINTETICO_7_BUG;MethodCall_Other MethodCall_Other TryStatement HasFinallyBlock MethodCall_Other MethodCall_Other MethodCall_close;MethodCall_Other MethodCall_Other TryStatement HasFinallyBlock MethodCall_Other MethodCall_Other MethodCall_close;MethodCall_Other MethodCall_Other TryStatement HasFinallyBlock MethodCall_Other MethodCall_Other MethodCall_close;0;0;0
Case_139_APG_SINTETICO_8_BUG;MethodCall_Other MethodCall_Other TryStatement HasFinallyBlock MethodCall_Other MethodCall_Other MethodCall_close;MethodCall_Other MethodCall_Other TryStatement HasFinallyBlock MethodCall_Other MethodCall_Other MethodCall_close;MethodCall_Other MethodCall_Other TryStatement HasFinallyBlock MethodCall_Other MethodCall_Other MethodCall_close;0;0;0
Case_139_APG_SINTETICO_9_BUG;MethodCall_Other MethodCall_Other TryStatement HasFinallyBlock MethodCall_Other MethodCall_Other MethodCall_close;TryStatement HasFinallyBlock MethodCall_Other MethodCall_Other MethodCall_Other MethodCall_Other MethodCall_close;MethodCall_Other MethodCall_Other TryStatement HasFinallyBlock MethodCall_Other MethodCall_Other MethodCall_close;0;0;0
Case_139_APG_SINTETICO_10_BUG;MethodCall_Other MethodCall_Other TryStatement HasFinallyBlock MethodCall_Other MethodCall_Other MethodCall_close;TryStatement HasFinallyBlock MethodCall_Other MethodCall_Other MethodCall_Other MethodCall_Other MethodCall_close;MethodCall_Other MethodCall_Other TryStatement HasFinallyBlock MethodCall_Other MethodCall_Other MethodCall_close;0;0;0
Case_149_AnySoftKeyboard_SINTETICO_1_BUG;MethodCall_Other TryStatement HasFinallyBlock MethodCall_Other TryStatement HasFinallyBlock MethodCall_Other MethodCall_Other MethodCall_close;MethodCall_Other TryStatement HasFinallyBlock MethodCall_Other MethodCall_Other TryStatement HasFinallyBlock MethodCall_Other MethodCall_Other MethodCall_Other MethodCall_close;MethodCall_Other TryStatement HasFinallyBlock MethodCall_Other TryStatement HasFinallyBlock MethodCall_Other MethodCall_Other MethodCall_close;0;0;0
Case_149_AnySoftKeyboard_SINTETICO_2_BUG;MethodCall_close MethodCall_Other TryStatement HasFinallyBlock MethodCall_Other MethodCall_Other MethodCall_close;MethodCall_close TryStatement HasFinallyBlock MethodCall_Other MethodCall_Other MethodCall_Other MethodCall_Other MethodCall_close;MethodCall_close TryStatement HasFinallyBlock MethodCall_Other MethodCall_Other MethodCall_Other MethodCall_close;0;0;0
Case_149_AnySoftKeyboard_SINTETICO_3_BUG;MethodCall_Other TryStatement HasFinallyBlock MethodCall_Other MethodCall_close;TryStatement HasFinallyBlock MethodCall_Other MethodCall_Other MethodCall_Other MethodCall_close;TryStatement HasResources_ImplicitClose MethodCall_Other MethodCall_Other;0;0;1
Case_149_AnySoftKeyboard_SINTETICO_4_BUG;MethodCall_Other TryStatement HasFinallyBlock MethodCall_Other MethodCall_Other MethodCall_close MethodCall_close;TryStatement HasResources_ImplicitClose MethodCall_Other MethodCall_Other MethodCall_Other;MethodCall_Other TryStatement HasResources_ImplicitClose MethodCall_Other MethodCall_Other;0;1;1
Case_149_AnySoftKeyboard_SINTETICO_5_BUG;MethodCall_close MethodCall_Other TryStatement HasFinallyBlock MethodCall_Other MethodCall_Other MethodCall_close;MethodCall_close TryStatement HasFinallyBlock MethodCall_Other MethodCall_Other MethodCall_Other MethodCall_Other MethodCall_close;MethodCall_close MethodCall_Other TryStatement HasFinallyBlock MethodCall_Other MethodCall_Other MethodCall_Other MethodCall_close;0;0;0
Case_149_AnySoftKeyboard_SINTETICO_6_BUG;MethodCall_Other MethodCall_Other TryStatement HasFinallyBlock MethodCall_Other MethodCall_Other MethodCall_Other MethodCall_close;TryStatement HasFinallyBlock MethodCall_Other MethodCall_Other MethodCall_Other MethodCall_Other MethodCall_Other MethodCall_Other MethodCall_close;TryStatement HasResources_ImplicitClose MethodCall_Other MethodCall_Other TryStatement HasFinallyBlock MethodCall_Other MethodCall_Other MethodCall_Other;0;0;0
Case_149_AnySoftKeyboard_SINTETICO_7_BUG;MethodCall_Other TryStatement HasFinallyBlock MethodCall_Other MethodCall_Other MethodCall_Other MethodCall_close;MethodCall_close TryStatement HasResources_ImplicitClose MethodCall_Other MethodCall_Other MethodCall_Other MethodCall_Other;TryStatement HasFinallyBlock MethodCall_Other MethodCall_Other MethodCall_Other MethodCall_Other MethodCall_close;0;0;0
Case_149_AnySoftKeyboard_SINTETICO_8_BUG;MethodCall_close MethodCall_Other TryStatement HasFinallyBlock MethodCall_Other MethodCall_Other MethodCall_close;MethodCall_close TryStatement HasFinallyBlock MethodCall_Other MethodCall_Other MethodCall_Other MethodCall_close MethodCall_Other MethodCall_close;MethodCall_close MethodCall_Other TryStatement HasFinallyBlock MethodCall_Other MethodCall_Other MethodCall_close;0;0;0
Case_149_AnySoftKeyboard_SINTETICO_9_BUG;MethodCall_Other TryStatement HasFinallyBlock MethodCall_Other MethodCall_Other MethodCall_close;TryStatement HasFinallyBlock MethodCall_Other MethodCall_Other MethodCall_Other MethodCall_Other MethodCall_close;TryStatement HasFinallyBlock MethodCall_Other MethodCall_Other MethodCall_Other MethodCall_close;0;0;0
Case_149_AnySoftKeyboard_SINTETICO_10_BUG;MethodCall_Other TryStatement HasFinallyBlock MethodCall_Other MethodCall_close;TryStatement HasFinallyBlock MethodCall_Other MethodCall_Other MethodCall_Other MethodCall_close;TryStatement HasResources_ImplicitClose MethodCall_Other MethodCall_Other;0;0;1
Case_164_Zxing_SINTETICO_1_BUG;TryStatement HasFinallyBlock MethodCall_Other MethodCall_Other MethodCall_Other MethodCall_Other TryStatement HasFinallyBlock MethodCall_Other MethodCall_Other MethodCall_close CatchClause MethodCall_Other MethodCall_Other MethodCall_close;TryStatement HasFinallyBlock MethodCall_Other MethodCall_Other MethodCall_Other MethodCall_Other MethodCall_Other MethodCall_Other CatchClause MethodCall_Other MethodCall_Other TryStatement MethodCall_close CatchClause MethodCall_close;TryStatement HasFinallyBlock MethodCall_Other MethodCall_Other MethodCall_Other MethodCall_Other MethodCall_Other MethodCall_Other CatchClause MethodCall_Other MethodCall_Other TryStatement MethodCall_close CatchClause MethodCall_Other MethodCall_Other MethodCall_close;0;0;0
Case_164_Zxing_SINTETICO_2_BUG;TryStatement HasFinallyBlock MethodCall_Other MethodCall_Other MethodCall_Other MethodCall_Other MethodCall_Other MethodCall_Other CatchClause MethodCall_Other MethodCall_Other MethodCall_close;TryStatement HasFinallyBlock MethodCall_Other MethodCall_Other MethodCall_Other MethodCall_Other MethodCall_Other MethodCall_Other CatchClause MethodCall_Other MethodCall_Other MethodCall_close;TryStatement HasFinallyBlock MethodCall_Other MethodCall_Other MethodCall_Other MethodCall_Other MethodCall_Other MethodCall_Other CatchClause MethodCall_Other MethodCall_Other MethodCall_close;0;0;0
Case_164_Zxing_SINTETICO_3_BUG;TryStatement HasFinallyBlock MethodCall_Other MethodCall_Other MethodCall_Other MethodCall_Other MethodCall_Other CatchClause MethodCall_Other MethodCall_close;TryStatement HasFinallyBlock MethodCall_Other MethodCall_Other MethodCall_Other MethodCall_Other MethodCall_Other CatchClause MethodCall_Other MethodCall_close;TryStatement HasFinallyBlock MethodCall_Other MethodCall_Other MethodCall_Other MethodCall_Other MethodCall_Other CatchClause MethodCall_Other MethodCall_close;0;0;0
Case_164_Zxing_SINTETICO_4_BUG;TryStatement HasFinallyBlock MethodCall_Other MethodCall_Other MethodCall_Other MethodCall_Other MethodCall_Other MethodCall_Other CatchClause MethodCall_Other TryStatement MethodCall_close CatchClause MethodCall_Other MethodCall_close;TryStatement HasFinallyBlock MethodCall_Other MethodCall_Other MethodCall_Other MethodCall_Other MethodCall_Other MethodCall_Other CatchClause MethodCall_Other TryStatement MethodCall_close CatchClause MethodCall_close;TryStatement HasFinallyBlock MethodCall_Other MethodCall_Other MethodCall_Other MethodCall_Other MethodCall_Other MethodCall_Other CatchClause MethodCall_Other TryStatement MethodCall_close CatchClause MethodCall_Other MethodCall_close;0;0;0
Case_164_Zxing_SINTETICO_5_BUG;TryStatement HasFinallyBlock MethodCall_Other MethodCall_Other MethodCall_Other MethodCall_Other MethodCall_Other CatchClause MethodCall_Other MethodCall_Other MethodCall_close;TryStatement HasFinallyBlock MethodCall_Other MethodCall_Other MethodCall_Other MethodCall_Other MethodCall_Other CatchClause MethodCall_Other MethodCall_Other MethodCall_close;TryStatement HasFinallyBlock MethodCall_Other MethodCall_Other MethodCall_Other MethodCall_Other MethodCall_Other CatchClause MethodCall_Other MethodCall_Other MethodCall_close;0;0;0
Case_164_Zxing_SINTETICO_6_BUG;TryStatement HasFinallyBlock MethodCall_Other MethodCall_Other MethodCall_Other MethodCall_Other MethodCall_Other CatchClause MethodCall_Other MethodCall_close;TryStatement HasFinallyBlock MethodCall_Other MethodCall_Other MethodCall_Other MethodCall_Other MethodCall_Other CatchClause MethodCall_Other MethodCall_close;TryStatement HasFinallyBlock MethodCall_Other MethodCall_Other MethodCall_Other MethodCall_Other MethodCall_Other CatchClause MethodCall_Other MethodCall_close;0;0;0
Case_164_Zxing_SINTETICO_7_BUG;TryStatement HasFinallyBlock MethodCall_Other MethodCall_Other MethodCall_Other MethodCall_Other MethodCall_Other CatchClause MethodCall_Other MethodCall_Other MethodCall_close;TryStatement HasFinallyBlock MethodCall_Other MethodCall_Other MethodCall_Other MethodCall_Other MethodCall_Other CatchClause MethodCall_Other MethodCall_Other MethodCall_close;TryStatement HasFinallyBlock MethodCall_Other MethodCall_Other MethodCall_Other MethodCall_Other MethodCall_Other CatchClause MethodCall_Other MethodCall_Other MethodCall_close;0;0;0
Case_164_Zxing_SINTETICO_8_BUG;TryStatement HasFinallyBlock MethodCall_Other MethodCall_Other MethodCall_Other MethodCall_Other MethodCall_Other CatchClause MethodCall_Other MethodCall_Other MethodCall_close;TryStatement HasFinallyBlock MethodCall_Other MethodCall_Other MethodCall_Other MethodCall_Other MethodCall_Other CatchClause MethodCall_Other MethodCall_Other MethodCall_close;TryStatement HasFinallyBlock MethodCall_Other MethodCall_Other MethodCall_Other MethodCall_Other MethodCall_Other CatchClause MethodCall_Other MethodCall_Other MethodCall_close;0;0;0
Case_164_Zxing_SINTETICO_9_BUG;TryStatement HasFinallyBlock MethodCall_Other MethodCall_Other MethodCall_Other MethodCall_Other MethodCall_Other MethodCall_Other CatchClause MethodCall_Other MethodCall_close;TryStatement HasFinallyBlock MethodCall_Other MethodCall_Other MethodCall_Other MethodCall_Other MethodCall_Other MethodCall_Other CatchClause MethodCall_Other TryStatement MethodCall_close CatchClause MethodCall_close;TryStatement HasFinallyBlock MethodCall_Other MethodCall_Other MethodCall_Other MethodCall_Other MethodCall_Other MethodCall_Other CatchClause MethodCall_Other TryStatement MethodCall_close CatchClause MethodCall_Other MethodCall_close;0;0;0
Case_164_Zxing_SINTETICO_10_BUG;MethodCall_Other TryStatement HasFinallyBlock MethodCall_Other MethodCall_Other MethodCall_Other MethodCall_Other CatchClause MethodCall_Other MethodCall_Other MethodCall_close;TryStatement HasFinallyBlock MethodCall_Other MethodCall_Other MethodCall_Other MethodCall_Other MethodCall_Other CatchClause MethodCall_Other MethodCall_Other MethodCall_close;TryStatement HasFinallyBlock MethodCall_Other MethodCall_Other MethodCall_Other MethodCall_Other MethodCall_Other CatchClause MethodCall_Other MethodCall_Other MethodCall_close;0;0;0
Case_164_Zxing_SINTETICO_11_BUG;TryStatement HasFinallyBlock MethodCall_Other MethodCall_Other MethodCall_Other MethodCall_Other MethodCall_Other CatchClause MethodCall_Other MethodCall_close;TryStatement HasFinallyBlock MethodCall_Other MethodCall_Other MethodCall_Other MethodCall_Other MethodCall_Other CatchClause MethodCall_Other MethodCall_close;TryStatement HasFinallyBlock MethodCall_Other MethodCall_Other MethodCall_Other MethodCall_Other MethodCall_Other CatchClause MethodCall_Other MethodCall_close;0;0;0
Case_166_IRCCloud_SINTETICO_1_BUG;MethodCall_Other MethodCall_release MethodCall_Other MethodCall_Other MethodCall_Other MethodCall_Other MethodCall_Other MethodCall_release;MethodCall_Other MethodCall_Other MethodCall_Other MethodCall_Other TryStatement MethodCall_Other CatchClause MethodCall_Other MethodCall_release MethodCall_Other MethodCall_Other MethodCall_release;MethodCall_Other MethodCall_Other MethodCall_Other MethodCall_Other MethodCall_Other MethodCall_release;0;0;0
Case_166_IRCCloud_SINTETICO_2_BUG;MethodCall_Other MethodCall_Other MethodCall_Other MethodCall_Other MethodCall_Other MethodCall_release;MethodCall_Other MethodCall_Other MethodCall_Other MethodCall_Other MethodCall_Other TryStatement HasFinallyBlock MethodCall_Other MethodCall_Other MethodCall_release;MethodCall_Other MethodCall_Other MethodCall_Other MethodCall_Other MethodCall_Other MethodCall_release;0;0;0
Case_166_IRCCloud_SINTETICO_3_BUG;MethodCall_Other MethodCall_Other MethodCall_Other MethodCall_Other MethodCall_disconnect MethodCall_Other MethodCall_release;MethodCall_Other MethodCall_Other MethodCall_Other MethodCall_Other MethodCall_Other MethodCall_Other TryStatement HasFinallyBlock MethodCall_disconnect MethodCall_Other MethodCall_release;MethodCall_Other MethodCall_Other MethodCall_Other MethodCall_Other MethodCall_disconnect MethodCall_Other MethodCall_release;0;0;0
Case_166_IRCCloud_SINTETICO_4_BUG;MethodCall_Other MethodCall_release MethodCall_Other MethodCall_Other MethodCall_Other MethodCall_Other MethodCall_Other MethodCall_release;MethodCall_Other MethodCall_Other MethodCall_Other MethodCall_Other MethodCall_Other MethodCall_Other MethodCall_Other MethodCall_release;MethodCall_Other MethodCall_Other MethodCall_Other MethodCall_Other MethodCall_Other MethodCall_release;0;0;0
Case_166_IRCCloud_SINTETICO_5_BUG;MethodCall_Other MethodCall_Other MethodCall_Other MethodCall_Other MethodCall_Other MethodCall_release;MethodCall_Other MethodCall_Other MethodCall_Other TryStatement MethodCall_Other CatchClause MethodCall_Other TryStatement HasFinallyBlock MethodCall_Other MethodCall_Other MethodCall_Other MethodCall_release;MethodCall_Other MethodCall_Other MethodCall_Other MethodCall_Other MethodCall_Other MethodCall_release;0;0;0
Case_166_IRCCloud_SINTETICO_6_BUG;MethodCall_Other MethodCall_release MethodCall_Other MethodCall_Other MethodCall_Other MethodCall_Other MethodCall_Other MethodCall_release;MethodCall_Other MethodCall_Other MethodCall_Other MethodCall_Other TryStatement MethodCall_Other CatchClause MethodCall_Other MethodCall_release TryStatement HasFinallyBlock MethodCall_Other MethodCall_Other MethodCall_release;MethodCall_Other MethodCall_Other MethodCall_Other MethodCall_Other MethodCall_Other MethodCall_release;0;0;0
Case_166_IRCCloud_SINTETICO_7_BUG;MethodCall_Other MethodCall_Other MethodCall_Other MethodCall_Other MethodCall_release MethodCall_Other;MethodCall_Other MethodCall_Other MethodCall_Other MethodCall_Other TryStatement MethodCall_Other CatchClause MethodCall_Other MethodCall_Other MethodCall_Other MethodCall_Other MethodCall_release;MethodCall_Other MethodCall_Other MethodCall_Other MethodCall_Other MethodCall_Other MethodCall_release;0;0;0
Case_166_IRCCloud_SINTETICO_8_BUG;MethodCall_Other MethodCall_release MethodCall_Other MethodCall_Other MethodCall_Other MethodCall_Other MethodCall_Other MethodCall_release;MethodCall_Other MethodCall_Other MethodCall_Other MethodCall_Other MethodCall_Other MethodCall_Other MethodCall_Other MethodCall_release;MethodCall_Other MethodCall_Other MethodCall_Other MethodCall_Other MethodCall_Other MethodCall_release;0;0;0
Case_166_IRCCloud_SINTETICO_9_BUG;MethodCall_Other MethodCall_Other MethodCall_Other MethodCall_disconnect MethodCall_Other MethodCall_release;MethodCall_Other MethodCall_Other MethodCall_Other MethodCall_Other MethodCall_Other MethodCall_disconnect MethodCall_Other MethodCall_release;MethodCall_Other MethodCall_Other MethodCall_Other MethodCall_disconnect MethodCall_Other MethodCall_release;0;0;0
Case_166_IRCCloud_SINTETICO_10_BUG;MethodCall_Other MethodCall_Other MethodCall_Other MethodCall_disconnect MethodCall_Other MethodCall_release;MethodCall_Other MethodCall_Other MethodCall_Other MethodCall_Other MethodCall_Other MethodCall_disconnect MethodCall_Other MethodCall_release;MethodCall_Other MethodCall_Other MethodCall_Other MethodCall_disconnect MethodCall_Other MethodCall_release;0;0;0
Case_170_K-9 Mail_SINTETICO_1_BUG;MethodCall_Other MethodCall_Other MethodCall_Other MethodCall_Other MethodCall_Other MethodCall_Other MethodCall_Other MethodCall_Other MethodCall_Other MethodCall_release MethodCall_Other MethodCall_Other MethodCall_release;MethodCall_Other MethodCall_Other MethodCall_Other MethodCall_Other MethodCall_Other TryStatement HasFinallyBlock MethodCall_Other MethodCall_Other MethodCall_release TryStatement MethodCall_Other MethodCall_Other CatchClause MethodCall_Other MethodCall_release;MethodCall_Other MethodCall_Other MethodCall_Other MethodCall_Other MethodCall_Other;0;0;1
Case_170_K-9 Mail_SINTETICO_2_BUG;MethodCall_Other MethodCall_Other MethodCall_Other MethodCall_Other MethodCall_Other TryStatement HasFinallyBlock MethodCall_Other MethodCall_Other MethodCall_Other MethodCall_release;MethodCall_Other MethodCall_Other MethodCall_Other MethodCall_Other MethodCall_Other TryStatement HasFinallyBlock MethodCall_Other MethodCall_Other MethodCall_Other MethodCall_release;MethodCall_Other MethodCall_Other MethodCall_Other MethodCall_Other MethodCall_Other TryStatement HasFinallyBlock MethodCall_Other MethodCall_Other MethodCall_Other MethodCall_release;0;0;0
Case_170_K-9 Mail_SINTETICO_3_BUG;MethodCall_Other MethodCall_Other MethodCall_Other MethodCall_Other MethodCall_Other MethodCall_Other MethodCall_Other MethodCall_Other MethodCall_Other MethodCall_release;MethodCall_Other MethodCall_Other MethodCall_Other MethodCall_Other TryStatement MethodCall_Other MethodCall_Other MethodCall_Other TryStatement HasFinallyBlock MethodCall_Other MethodCall_Other MethodCall_release CatchClause MethodCall_Other MethodCall_release;MethodCall_Other MethodCall_Other MethodCall_Other MethodCall_Other MethodCall_Other MethodCall_Other MethodCall_Other MethodCall_Other MethodCall_Other MethodCall_release;0;0;0
Case_170_K-9 Mail_SINTETICO_4_BUG;MethodCall_Other MethodCall_Other MethodCall_Other MethodCall_Other TryStatement MethodCall_Other MethodCall_Other MethodCall_Other MethodCall_Other MethodCall_release CatchClause MethodCall_Other MethodCall_release;MethodCall_Other MethodCall_Other MethodCall_Other MethodCall_Other TryStatement MethodCall_Other MethodCall_Other MethodCall_Other TryStatement HasFinallyBlock MethodCall_Other MethodCall_Other MethodCall_release CatchClause MethodCall_Other MethodCall_release;MethodCall_Other MethodCall_Other MethodCall_Other MethodCall_Other TryStatement HasFinallyBlock MethodCall_Other MethodCall_Other MethodCall_Other MethodCall_Other MethodCall_Other MethodCall_release;0;0;0
Case_170_K-9 Mail_SINTETICO_5_BUG;MethodCall_Other MethodCall_Other MethodCall_Other MethodCall_Other MethodCall_Other TryStatement HasFinallyBlock MethodCall_Other MethodCall_Other MethodCall_release TryStatement HasFinallyBlock MethodCall_Other MethodCall_Other MethodCall_release;MethodCall_Other MethodCall_Other MethodCall_Other MethodCall_Other TryStatement MethodCall_Other TryStatement HasFinallyBlock MethodCall_Other MethodCall_Other MethodCall_release TryStatement HasFinallyBlock MethodCall_Other MethodCall_Other MethodCall_release CatchClause MethodCall_Other MethodCall_release;MethodCall_Other MethodCall_Other MethodCall_Other MethodCall_Other MethodCall_Other TryStatement HasFinallyBlock MethodCall_Other MethodCall_Other MethodCall_release TryStatement HasFinallyBlock MethodCall_Other MethodCall_Other MethodCall_release;0;0;0
Case_170_K-9 Mail_SINTETICO_6_BUG;MethodCall_Other MethodCall_Other MethodCall_Other MethodCall_Other MethodCall_Other TryStatement HasFinallyBlock MethodCall_Other MethodCall_Other MethodCall_Other MethodCall_release;MethodCall_Other MethodCall_Other MethodCall_Other MethodCall_Other TryStatement MethodCall_Other TryStatement HasFinallyBlock MethodCall_Other MethodCall_Other MethodCall_Other MethodCall_release MethodCall_Other MethodCall_release CatchClause MethodCall_Other MethodCall_release;MethodCall_Other MethodCall_Other MethodCall_Other MethodCall_Other MethodCall_Other TryStatement HasFinallyBlock MethodCall_Other MethodCall_Other MethodCall_Other MethodCall_release;0;0;0
Case_170_K-9 Mail_SINTETICO_7_BUG;MethodCall_Other MethodCall_Other MethodCall_Other MethodCall_Other MethodCall_Other TryStatement HasFinallyBlock MethodCall_Other MethodCall_Other MethodCall_release;MethodCall_Other MethodCall_Other MethodCall_Other MethodCall_Other TryStatement MethodCall_Other TryStatement HasFinallyBlock MethodCall_Other MethodCall_Other MethodCall_release CatchClause MethodCall_Other MethodCall_release;MethodCall_Other MethodCall_Other MethodCall_Other MethodCall_Other MethodCall_Other TryStatement HasFinallyBlock MethodCall_Other MethodCall_Other MethodCall_release;0;0;0
Case_170_K-9 Mail_SINTETICO_8_BUG;MethodCall_Other MethodCall_Other MethodCall_Other MethodCall_Other MethodCall_Other TryStatement HasFinallyBlock MethodCall_Other MethodCall_Other MethodCall_release;MethodCall_Other MethodCall_Other MethodCall_Other MethodCall_Other TryStatement MethodCall_Other TryStatement HasFinallyBlock MethodCall_Other MethodCall_Other MethodCall_release CatchClause MethodCall_Other MethodCall_release;MethodCall_Other MethodCall_Other MethodCall_Other MethodCall_Other TryStatement MethodCall_Other TryStatement HasFinallyBlock MethodCall_Other MethodCall_Other MethodCall_release CatchClause MethodCall_Other MethodCall_release;0;0;0
Case_170_K-9 Mail_SINTETICO_9_BUG;MethodCall_Other MethodCall_Other MethodCall_Other MethodCall_Other MethodCall_Other TryStatement HasFinallyBlock MethodCall_Other MethodCall_Other MethodCall_release;MethodCall_Other MethodCall_Other MethodCall_Other MethodCall_Other TryStatement MethodCall_Other TryStatement HasFinallyBlock MethodCall_Other MethodCall_Other MethodCall_release CatchClause MethodCall_Other MethodCall_release;MethodCall_Other MethodCall_Other MethodCall_Other MethodCall_Other MethodCall_Other TryStatement HasFinallyBlock MethodCall_Other MethodCall_Other MethodCall_release;0;0;0
Case_170_K-9 Mail_SINTETICO_10_BUG;MethodCall_Other MethodCall_Other MethodCall_Other MethodCall_Other MethodCall_Other MethodCall_Other MethodCall_Other MethodCall_release;MethodCall_Other MethodCall_Other MethodCall_Other MethodCall_Other TryStatement MethodCall_Other TryStatement HasFinallyBlock MethodCall_Other MethodCall_Other MethodCall_release CatchClause MethodCall_Other MethodCall_release;MethodCall_Other MethodCall_Other MethodCall_Other MethodCall_Other MethodCall_Other TryStatement HasFinallyBlock MethodCall_Other MethodCall_Other MethodCall_release;0;0;0
Case_172_ConnectBot_SINTETICO_1_BUG;MethodCall_Other MethodCall_Other MethodCall_Other MethodCall_Other MethodCall_release;MethodCall_Other MethodCall_Other MethodCall_Other MethodCall_Other MethodCall_Other MethodCall_release;MethodCall_Other MethodCall_Other MethodCall_Other MethodCall_Other MethodCall_release;0;0;0
Case_172_ConnectBot_SINTETICO_2_BUG;MethodCall_Other MethodCall_Other MethodCall_Other MethodCall_Other MethodCall_release;MethodCall_Other MethodCall_Other MethodCall_Other MethodCall_Other MethodCall_release;MethodCall_Other MethodCall_Other MethodCall_Other MethodCall_Other MethodCall_release;0;0;0
Case_172_ConnectBot_SINTETICO_3_BUG;MethodCall_Other MethodCall_Other MethodCall_Other MethodCall_Other MethodCall_release;MethodCall_Other MethodCall_Other MethodCall_Other MethodCall_Other MethodCall_Other MethodCall_release;MethodCall_Other MethodCall_Other MethodCall_Other MethodCall_Other MethodCall_release;0;0;0
Case_172_ConnectBot_SINTETICO_4_BUG;MethodCall_Other MethodCall_Other MethodCall_Other MethodCall_Other MethodCall_release MethodCall_Other MethodCall_release;MethodCall_Other MethodCall_Other MethodCall_Other MethodCall_Other MethodCall_Other MethodCall_Other MethodCall_release MethodCall_Other MethodCall_release;MethodCall_Other MethodCall_Other MethodCall_Other MethodCall_Other MethodCall_release;0;0;0
Case_172_ConnectBot_SINTETICO_5_BUG;MethodCall_Other MethodCall_Other MethodCall_Other MethodCall_Other MethodCall_Other MethodCall_Other MethodCall_release;MethodCall_Other MethodCall_Other MethodCall_Other MethodCall_Other MethodCall_Other MethodCall_release;MethodCall_Other MethodCall_Other MethodCall_Other MethodCall_Other MethodCall_Other MethodCall_Other MethodCall_release;0;0;0
Case_172_ConnectBot_SINTETICO_6_BUG;MethodCall_Other MethodCall_Other MethodCall_Other MethodCall_Other MethodCall_Other MethodCall_Other MethodCall_release;MethodCall_Other MethodCall_Other MethodCall_Other MethodCall_Other MethodCall_Other MethodCall_Other MethodCall_Other MethodCall_Other MethodCall_release;MethodCall_Other MethodCall_Other MethodCall_Other MethodCall_Other MethodCall_release MethodCall_Other MethodCall_release;0;0;0
Case_172_ConnectBot_SINTETICO_7_BUG;MethodCall_Other MethodCall_Other MethodCall_Other MethodCall_Other MethodCall_release;MethodCall_Other MethodCall_Other MethodCall_Other MethodCall_Other MethodCall_release;MethodCall_Other MethodCall_Other MethodCall_Other MethodCall_Other MethodCall_release;0;0;0
Case_172_ConnectBot_SINTETICO_8_BUG;MethodCall_Other MethodCall_Other MethodCall_Other MethodCall_Other MethodCall_Other MethodCall_Other MethodCall_release;MethodCall_Other MethodCall_Other MethodCall_Other MethodCall_Other MethodCall_Other MethodCall_Other MethodCall_Other MethodCall_release;MethodCall_Other MethodCall_Other MethodCall_Other MethodCall_Other MethodCall_release MethodCall_Other MethodCall_release;0;0;0
Case_172_ConnectBot_SINTETICO_9_BUG;MethodCall_Other MethodCall_Other MethodCall_Other TryStatement HasFinallyBlock MethodCall_Other MethodCall_release;MethodCall_Other MethodCall_Other MethodCall_Other TryStatement HasFinallyBlock MethodCall_Other MethodCall_release;MethodCall_Other MethodCall_Other MethodCall_Other TryStatement HasFinallyBlock MethodCall_Other MethodCall_release;0;0;0
Case_172_ConnectBot_SINTETICO_10_BUG;MethodCall_Other MethodCall_Other MethodCall_Other MethodCall_Other MethodCall_Other MethodCall_release;MethodCall_Other MethodCall_Other MethodCall_Other MethodCall_Other MethodCall_release;MethodCall_Other MethodCall_Other MethodCall_Other MethodCall_Other MethodCall_Other MethodCall_release;0;0;0
Case_172_ConnectBot_SINTETICO_11_BUG;MethodCall_Other MethodCall_Other MethodCall_Other MethodCall_Other MethodCall_release;MethodCall_Other MethodCall_Other MethodCall_Other MethodCall_Other MethodCall_Other MethodCall_Other MethodCall_release;MethodCall_Other MethodCall_Other MethodCall_Other MethodCall_Other MethodCall_release;0;0;0
Case_175_CSipSimple_SINTETICO_1_BUG;MethodCall_Other MethodCall_Other MethodCall_Other MethodCall_Other MethodCall_release;MethodCall_Other TryStatement HasFinallyBlock MethodCall_Other MethodCall_Other MethodCall_Other TryStatement CatchClause MethodCall_Other;MethodCall_Other MethodCall_Other MethodCall_Other MethodCall_Other;0;0;1
Case_175_CSipSimple_SINTETICO_2_BUG;MethodCall_Other MethodCall_Other MethodCall_Other MethodCall_close;MethodCall_Other MethodCall_Other TryStatement HasFinallyBlock MethodCall_Other MethodCall_close MethodCall_close;MethodCall_Other MethodCall_Other MethodCall_Other MethodCall_close;0;0;0
Case_175_CSipSimple_SINTETICO_3_BUG;MethodCall_Other MethodCall_Other MethodCall_close MethodCall_Other;TryStatement HasFinallyBlock MethodCall_Other MethodCall_Other MethodCall_Other TryStatement CatchClause MethodCall_Other;TryStatement HasFinallyBlock MethodCall_Other MethodCall_Other MethodCall_Other MethodCall_close;0;0;0
Case_175_CSipSimple_SINTETICO_4_BUG;MethodCall_Other TryStatement HasFinallyBlock MethodCall_Other MethodCall_Other MethodCall_Other MethodCall_close;MethodCall_Other TryStatement HasFinallyBlock MethodCall_Other MethodCall_Other MethodCall_Other TryStatement CatchClause MethodCall_Other;MethodCall_Other MethodCall_Other MethodCall_Other MethodCall_Other;0;0;1
Case_175_CSipSimple_SINTETICO_5_BUG;MethodCall_Other MethodCall_Other MethodCall_Other MethodCall_Other MethodCall_close MethodCall_close;MethodCall_Other TryStatement HasFinallyBlock MethodCall_Other MethodCall_Other MethodCall_Other MethodCall_close;MethodCall_Other MethodCall_Other MethodCall_Other MethodCall_Other MethodCall_close;0;0;1
Case_175_CSipSimple_SINTETICO_6_BUG;MethodCall_Other MethodCall_Other MethodCall_Other MethodCall_close;TryStatement HasFinallyBlock MethodCall_Other MethodCall_Other MethodCall_Other MethodCall_close;MethodCall_Other MethodCall_Other MethodCall_Other MethodCall_close;0;0;0
Case_175_CSipSimple_SINTETICO_7_BUG;MethodCall_Other MethodCall_Other MethodCall_Other MethodCall_Other MethodCall_close MethodCall_close;MethodCall_Other TryStatement HasFinallyBlock MethodCall_Other MethodCall_Other MethodCall_Other TryStatement MethodCall_close CatchClause MethodCall_Other;MethodCall_Other MethodCall_Other MethodCall_Other MethodCall_Other MethodCall_close;0;0;1
Case_175_CSipSimple_SINTETICO_8_BUG;MethodCall_Other MethodCall_Other MethodCall_Other MethodCall_close MethodCall_close;TryStatement HasFinallyBlock MethodCall_Other MethodCall_Other MethodCall_Other;MethodCall_Other MethodCall_Other MethodCall_Other;0;0;1
Case_175_CSipSimple_SINTETICO_9_BUG;MethodCall_Other MethodCall_Other MethodCall_Other TryStatement HasFinallyBlock MethodCall_Other MethodCall_close;MethodCall_Other TryStatement HasFinallyBlock MethodCall_Other MethodCall_Other MethodCall_Other;MethodCall_Other MethodCall_Other MethodCall_Other MethodCall_Other MethodCall_close;0;0;1
Case_175_CSipSimple_SINTETICO_10_BUG;MethodCall_Other MethodCall_Other TryStatement HasFinallyBlock MethodCall_Other MethodCall_close;TryStatement HasFinallyBlock MethodCall_Other MethodCall_Other MethodCall_Other MethodCall_Other;MethodCall_Other MethodCall_Other MethodCall_Other MethodCall_close;0;0;0
Case_178_Xabber_SINTETICO_1_BUG;MethodCall_Other MethodCall_Other MethodCall_Other TryStatement HasFinallyBlock MethodCall_Other MethodCall_recycle;MethodCall_Other MethodCall_Other MethodCall_Other TryStatement HasFinallyBlock MethodCall_Other MethodCall_recycle;MethodCall_Other MethodCall_Other MethodCall_Other MethodCall_Other MethodCall_recycle;0;0;1
Case_178_Xabber_SINTETICO_2_BUG;MethodCall_Other MethodCall_Other MethodCall_Other TryStatement HasFinallyBlock MethodCall_Other MethodCall_recycle;MethodCall_Other MethodCall_Other MethodCall_Other TryStatement HasFinallyBlock MethodCall_Other MethodCall_recycle;MethodCall_Other MethodCall_Other MethodCall_Other MethodCall_Other MethodCall_recycle;0;0;1
Case_178_Xabber_SINTETICO_3_BUG;MethodCall_Other MethodCall_Other MethodCall_Other TryStatement HasFinallyBlock MethodCall_Other MethodCall_recycle;MethodCall_Other MethodCall_Other MethodCall_Other TryStatement HasFinallyBlock MethodCall_Other MethodCall_recycle;MethodCall_Other MethodCall_Other MethodCall_Other MethodCall_Other MethodCall_recycle;0;0;1
Case_178_Xabber_SINTETICO_4_BUG;MethodCall_Other MethodCall_Other MethodCall_Other TryStatement HasFinallyBlock MethodCall_Other MethodCall_recycle;MethodCall_Other MethodCall_Other MethodCall_Other TryStatement HasFinallyBlock MethodCall_Other MethodCall_recycle;MethodCall_Other MethodCall_Other MethodCall_Other MethodCall_recycle;0;0;1
Case_178_Xabber_SINTETICO_5_BUG;MethodCall_Other MethodCall_Other MethodCall_Other TryStatement HasFinallyBlock MethodCall_Other MethodCall_recycle;MethodCall_Other MethodCall_Other MethodCall_Other TryStatement HasFinallyBlock MethodCall_Other MethodCall_recycle;MethodCall_Other MethodCall_Other MethodCall_Other MethodCall_Other MethodCall_recycle;0;0;1
Case_178_Xabber_SINTETICO_6_BUG;MethodCall_Other MethodCall_Other MethodCall_Other TryStatement HasFinallyBlock MethodCall_Other MethodCall_recycle;MethodCall_Other MethodCall_Other MethodCall_Other TryStatement HasFinallyBlock MethodCall_Other MethodCall_recycle;MethodCall_Other MethodCall_Other MethodCall_Other MethodCall_Other MethodCall_recycle;0;0;1
Case_178_Xabber_SINTETICO_7_BUG;MethodCall_Other MethodCall_Other MethodCall_Other TryStatement HasFinallyBlock MethodCall_Other MethodCall_recycle;MethodCall_Other MethodCall_Other MethodCall_Other TryStatement HasFinallyBlock MethodCall_Other MethodCall_recycle;MethodCall_Other MethodCall_Other MethodCall_Other MethodCall_Other MethodCall_recycle;0;0;1
Case_178_Xabber_SINTETICO_8_BUG;MethodCall_Other MethodCall_Other MethodCall_Other TryStatement HasFinallyBlock MethodCall_Other MethodCall_recycle;MethodCall_Other MethodCall_Other MethodCall_Other TryStatement HasFinallyBlock MethodCall_Other MethodCall_recycle;MethodCall_Other MethodCall_Other MethodCall_Other MethodCall_Other MethodCall_recycle;0;0;1
Case_178_Xabber_SINTETICO_9_BUG;MethodCall_Other MethodCall_Other MethodCall_Other TryStatement HasFinallyBlock MethodCall_Other MethodCall_recycle;MethodCall_Other MethodCall_Other MethodCall_Other TryStatement HasFinallyBlock MethodCall_Other MethodCall_recycle;MethodCall_Other MethodCall_Other MethodCall_Other MethodCall_Other MethodCall_recycle;0;0;1
Case_178_Xabber_SINTETICO_10_BUG;MethodCall_Other MethodCall_Other MethodCall_Other TryStatement HasFinallyBlock MethodCall_Other MethodCall_recycle;MethodCall_Other MethodCall_Other MethodCall_Other TryStatement HasFinallyBlock MethodCall_Other MethodCall_recycle;MethodCall_Other MethodCall_Other MethodCall_Other MethodCall_Other MethodCall_recycle;0;0;1
Case_221_ChatSecure_SINTETICO_1_BUG;TryStatement HasResources_ImplicitClose MethodCall_Other MethodCall_Other TryStatement HasResources_ImplicitClose MethodCall_Other MethodCall_Other;TryStatement HasResources_ImplicitClose MethodCall_Other MethodCall_Other TryStatement HasResources_ImplicitClose MethodCall_Other MethodCall_Other;TryStatement HasResources_ImplicitClose MethodCall_Other MethodCall_Other TryStatement HasResources_ImplicitClose MethodCall_Other MethodCall_Other;1;1;1
Case_221_ChatSecure_SINTETICO_2_BUG;TryStatement HasResources_ImplicitClose MethodCall_Other MethodCall_Other TryStatement HasResources_ImplicitClose MethodCall_Other MethodCall_Other;TryStatement HasResources_ImplicitClose MethodCall_Other MethodCall_Other MethodCall_Other TryStatement HasResources_ImplicitClose MethodCall_Other MethodCall_Other;TryStatement HasResources_ImplicitClose MethodCall_Other MethodCall_Other TryStatement HasResources_ImplicitClose MethodCall_Other MethodCall_Other;1;1;1
Case_221_ChatSecure_SINTETICO_3_BUG;TryStatement HasResources_ImplicitClose MethodCall_Other MethodCall_Other TryStatement HasResources_ImplicitClose MethodCall_Other MethodCall_Other;TryStatement HasResources_ImplicitClose MethodCall_Other MethodCall_Other MethodCall_Other TryStatement HasResources_ImplicitClose MethodCall_Other MethodCall_Other;TryStatement HasResources_ImplicitClose MethodCall_Other MethodCall_Other TryStatement HasResources_ImplicitClose MethodCall_Other MethodCall_Other;1;1;1
Case_221_ChatSecure_SINTETICO_4_BUG;TryStatement HasResources_ImplicitClose MethodCall_Other MethodCall_Other TryStatement HasResources_ImplicitClose MethodCall_Other MethodCall_Other;TryStatement HasResources_ImplicitClose MethodCall_Other MethodCall_Other MethodCall_Other TryStatement HasResources_ImplicitClose MethodCall_Other MethodCall_Other;TryStatement HasResources_ImplicitClose MethodCall_Other MethodCall_Other TryStatement HasResources_ImplicitClose MethodCall_Other MethodCall_Other;1;1;1
Case_221_ChatSecure_SINTETICO_5_BUG;TryStatement HasResources_ImplicitClose MethodCall_Other MethodCall_Other TryStatement HasResources_ImplicitClose MethodCall_Other MethodCall_Other;TryStatement HasResources_ImplicitClose MethodCall_Other MethodCall_Other MethodCall_Other TryStatement HasResources_ImplicitClose MethodCall_Other MethodCall_Other;TryStatement HasResources_ImplicitClose MethodCall_Other MethodCall_Other TryStatement HasResources_ImplicitClose MethodCall_Other MethodCall_Other;1;1;1
Case_221_ChatSecure_SINTETICO_6_BUG;TryStatement HasResources_ImplicitClose MethodCall_Other MethodCall_Other TryStatement HasResources_ImplicitClose MethodCall_Other MethodCall_Other;TryStatement HasResources_ImplicitClose MethodCall_Other MethodCall_Other MethodCall_Other TryStatement HasResources_ImplicitClose MethodCall_Other MethodCall_Other;TryStatement HasResources_ImplicitClose MethodCall_Other MethodCall_Other TryStatement HasResources_ImplicitClose MethodCall_Other MethodCall_Other;1;1;1
Case_221_ChatSecure_SINTETICO_7_BUG;TryStatement HasResources_ImplicitClose MethodCall_Other MethodCall_Other TryStatement HasResources_ImplicitClose MethodCall_Other MethodCall_Other;TryStatement HasResources_ImplicitClose MethodCall_Other MethodCall_Other TryStatement HasResources_ImplicitClose MethodCall_Other MethodCall_Other;TryStatement HasResources_ImplicitClose MethodCall_Other MethodCall_Other TryStatement HasResources_ImplicitClose MethodCall_Other MethodCall_Other;1;1;1
Case_221_ChatSecure_SINTETICO_8_BUG;TryStatement HasResources_ImplicitClose MethodCall_Other MethodCall_Other TryStatement HasResources_ImplicitClose MethodCall_Other MethodCall_Other;TryStatement HasResources_ImplicitClose MethodCall_Other MethodCall_Other MethodCall_Other TryStatement HasResources_ImplicitClose MethodCall_Other MethodCall_Other;TryStatement HasResources_ImplicitClose MethodCall_Other MethodCall_Other TryStatement HasResources_ImplicitClose MethodCall_Other MethodCall_Other;1;1;1
Case_221_ChatSecure_SINTETICO_9_BUG;TryStatement HasFinallyBlock MethodCall_Other MethodCall_close MethodCall_Other TryStatement HasFinallyBlock MethodCall_Other MethodCall_Other MethodCall_close;TryStatement HasResources_ImplicitClose MethodCall_Other MethodCall_Other MethodCall_Other TryStatement HasResources_ImplicitClose MethodCall_Other MethodCall_Other;TryStatement HasResources_ImplicitClose MethodCall_Other MethodCall_Other TryStatement HasResources_ImplicitClose MethodCall_Other MethodCall_Other;0;1;1
Case_221_ChatSecure_SINTETICO_10_BUG;TryStatement HasFinallyBlock MethodCall_Other MethodCall_close MethodCall_Other TryStatement HasFinallyBlock MethodCall_Other MethodCall_Other MethodCall_close;TryStatement HasResources_ImplicitClose MethodCall_Other MethodCall_Other MethodCall_Other TryStatement HasResources_ImplicitClose MethodCall_Other MethodCall_Other;TryStatement HasResources_ImplicitClose MethodCall_Other MethodCall_Other TryStatement HasResources_ImplicitClose MethodCall_Other MethodCall_Other;0;1;1
Case_222_ChatSecure_SINTETICO_1_BUG;TryStatement HasResources_ImplicitClose MethodCall_Other MethodCall_Other TryStatement HasResources_ImplicitClose MethodCall_Other MethodCall_Other MethodCall_Other MethodCall_Other;TryStatement HasResources_ImplicitClose MethodCall_Other MethodCall_Other MethodCall_Other TryStatement HasResources_ImplicitClose MethodCall_Other MethodCall_Other MethodCall_Other MethodCall_Other;TryStatement HasResources_ImplicitClose MethodCall_Other MethodCall_Other TryStatement HasResources_ImplicitClose MethodCall_Other MethodCall_Other MethodCall_Other MethodCall_Other;1;1;1
Case_222_ChatSecure_SINTETICO_2_BUG;TryStatement HasResources_ImplicitClose MethodCall_Other MethodCall_Other TryStatement HasResources_ImplicitClose MethodCall_Other MethodCall_Other MethodCall_Other MethodCall_Other;TryStatement HasResources_ImplicitClose MethodCall_Other MethodCall_Other MethodCall_Other TryStatement HasResources_ImplicitClose MethodCall_Other MethodCall_Other MethodCall_Other MethodCall_Other;TryStatement HasResources_ImplicitClose MethodCall_Other MethodCall_Other TryStatement HasResources_ImplicitClose MethodCall_Other MethodCall_Other MethodCall_Other MethodCall_Other;1;1;1
Case_222_ChatSecure_SINTETICO_3_BUG;TryStatement HasResources_ImplicitClose MethodCall_Other MethodCall_Other TryStatement HasResources_ImplicitClose MethodCall_Other MethodCall_Other MethodCall_Other MethodCall_Other;TryStatement HasResources_ImplicitClose MethodCall_Other MethodCall_Other MethodCall_Other TryStatement HasResources_ImplicitClose MethodCall_Other MethodCall_Other MethodCall_Other MethodCall_Other;TryStatement HasResources_ImplicitClose MethodCall_Other MethodCall_Other TryStatement HasResources_ImplicitClose MethodCall_Other MethodCall_Other MethodCall_Other MethodCall_Other;1;1;1
Case_222_ChatSecure_SINTETICO_4_BUG;TryStatement HasFinallyBlock MethodCall_Other MethodCall_close MethodCall_Other TryStatement HasFinallyBlock MethodCall_Other MethodCall_close MethodCall_Other MethodCall_Other MethodCall_Other MethodCall_Other;TryStatement HasResources_ImplicitClose MethodCall_Other MethodCall_Other MethodCall_Other TryStatement HasResources_ImplicitClose MethodCall_Other MethodCall_Other MethodCall_Other MethodCall_Other MethodCall_Other;TryStatement HasResources_ImplicitClose MethodCall_Other MethodCall_Other TryStatement HasResources_ImplicitClose MethodCall_Other MethodCall_Other MethodCall_Other MethodCall_Other MethodCall_Other;0;1;1
Case_222_ChatSecure_SINTETICO_5_BUG;TryStatement HasResources_ImplicitClose MethodCall_Other MethodCall_Other TryStatement HasResources_ImplicitClose MethodCall_Other MethodCall_Other MethodCall_Other MethodCall_Other;TryStatement HasResources_ImplicitClose MethodCall_Other MethodCall_Other TryStatement HasResources_ImplicitClose MethodCall_Other MethodCall_Other MethodCall_Other MethodCall_Other;TryStatement HasResources_ImplicitClose MethodCall_Other MethodCall_Other TryStatement HasResources_ImplicitClose MethodCall_Other MethodCall_Other MethodCall_Other MethodCall_Other;1;1;1
Case_222_ChatSecure_SINTETICO_6_BUG;TryStatement HasResources_ImplicitClose MethodCall_Other MethodCall_Other TryStatement HasResources_ImplicitClose MethodCall_Other MethodCall_Other MethodCall_Other MethodCall_Other;TryStatement HasResources_ImplicitClose MethodCall_Other MethodCall_Other TryStatement HasResources_ImplicitClose MethodCall_Other MethodCall_Other MethodCall_Other MethodCall_Other;TryStatement HasResources_ImplicitClose MethodCall_Other MethodCall_Other TryStatement HasResources_ImplicitClose MethodCall_Other MethodCall_Other MethodCall_Other MethodCall_Other;1;1;1
Case_222_ChatSecure_SINTETICO_7_BUG;TryStatement HasResources_ImplicitClose MethodCall_Other MethodCall_Other TryStatement HasResources_ImplicitClose MethodCall_Other MethodCall_Other MethodCall_Other MethodCall_Other;TryStatement HasResources_ImplicitClose MethodCall_Other MethodCall_Other MethodCall_Other TryStatement HasResources_ImplicitClose MethodCall_Other MethodCall_Other MethodCall_Other MethodCall_Other;TryStatement HasResources_ImplicitClose MethodCall_Other MethodCall_Other TryStatement HasResources_ImplicitClose MethodCall_Other MethodCall_Other MethodCall_Other MethodCall_Other;1;1;1
Case_222_ChatSecure_SINTETICO_8_BUG;TryStatement HasResources_ImplicitClose MethodCall_Other MethodCall_Other TryStatement HasResources_ImplicitClose MethodCall_Other MethodCall_Other MethodCall_Other MethodCall_Other;TryStatement HasResources_ImplicitClose MethodCall_Other MethodCall_Other MethodCall_Other TryStatement HasResources_ImplicitClose MethodCall_Other MethodCall_Other MethodCall_Other MethodCall_Other;TryStatement HasResources_ImplicitClose MethodCall_Other MethodCall_Other TryStatement HasResources_ImplicitClose MethodCall_Other MethodCall_Other MethodCall_Other MethodCall_Other;1;1;1
Case_222_ChatSecure_SINTETICO_9_BUG;TryStatement HasFinallyBlock MethodCall_Other MethodCall_close MethodCall_Other TryStatement HasFinallyBlock MethodCall_Other MethodCall_close MethodCall_Other MethodCall_Other MethodCall_Other;TryStatement HasResources_ImplicitClose MethodCall_Other MethodCall_Other MethodCall_Other TryStatement HasResources_ImplicitClose MethodCall_Other MethodCall_Other MethodCall_Other MethodCall_Other;TryStatement HasResources_ImplicitClose MethodCall_Other MethodCall_Other TryStatement HasResources_ImplicitClose MethodCall_Other MethodCall_Other MethodCall_Other MethodCall_Other;0;1;1
Case_222_ChatSecure_SINTETICO_10_BUG;TryStatement HasResources_ImplicitClose MethodCall_Other MethodCall_Other TryStatement HasResources_ImplicitClose MethodCall_Other MethodCall_Other MethodCall_Other MethodCall_Other;TryStatement HasResources_ImplicitClose MethodCall_Other MethodCall_Other MethodCall_Other TryStatement HasResources_ImplicitClose MethodCall_Other MethodCall_Other MethodCall_Other MethodCall_Other;TryStatement HasResources_ImplicitClose MethodCall_Other MethodCall_Other TryStatement HasResources_ImplicitClose MethodCall_Other MethodCall_Other MethodCall_Other MethodCall_Other;1;1;1
Case_227_ChatSecure_SINTETICO_1_BUG;TryStatement HasFinallyBlock MethodCall_Other MethodCall_Other CatchClause TryStatement MethodCall_close CatchClause;TryStatement HasFinallyBlock MethodCall_Other MethodCall_Other CatchClause TryStatement MethodCall_close CatchClause;SYNTAX_ERROR;0;0;1
Case_227_ChatSecure_SINTETICO_2_BUG;TryStatement HasFinallyBlock MethodCall_Other MethodCall_Other CatchClause TryStatement MethodCall_close CatchClause;TryStatement HasFinallyBlock MethodCall_Other MethodCall_Other CatchClause TryStatement MethodCall_close CatchClause;SYNTAX_ERROR;0;0;1
Case_227_ChatSecure_SINTETICO_3_BUG;TryStatement HasFinallyBlock MethodCall_Other MethodCall_Other CatchClause TryStatement MethodCall_close CatchClause;TryStatement HasFinallyBlock MethodCall_Other MethodCall_Other CatchClause TryStatement MethodCall_close CatchClause;TryStatement HasFinallyBlock MethodCall_Other MethodCall_Other CatchClause TryStatement MethodCall_close CatchClause;0;0;0
Case_227_ChatSecure_SINTETICO_4_BUG;TryStatement HasFinallyBlock MethodCall_Other MethodCall_Other CatchClause MethodCall_Other TryStatement MethodCall_close CatchClause MethodCall_Other;TryStatement HasResources_ImplicitClose MethodCall_Other MethodCall_Other CatchClause MethodCall_Other;TryStatement HasFinallyBlock MethodCall_Other MethodCall_Other CatchClause MethodCall_Other TryStatement MethodCall_close CatchClause MethodCall_Other;0;1;0
Case_227_ChatSecure_SINTETICO_5_BUG;TryStatement HasFinallyBlock MethodCall_Other MethodCall_Other CatchClause TryStatement MethodCall_close CatchClause;TryStatement HasResources_ImplicitClose MethodCall_Other MethodCall_Other CatchClause;SYNTAX_ERROR;0;1;1
Case_227_ChatSecure_SINTETICO_6_BUG;TryStatement TryStatement HasFinallyBlock MethodCall_Other MethodCall_Other MethodCall_close CatchClause;TryStatement HasResources_ImplicitClose MethodCall_Other MethodCall_Other CatchClause;SYNTAX_ERROR;1;1;1
Case_227_ChatSecure_SINTETICO_7_BUG;TryStatement HasFinallyBlock MethodCall_Other MethodCall_Other CatchClause TryStatement MethodCall_close CatchClause;TryStatement HasFinallyBlock MethodCall_Other MethodCall_Other CatchClause TryStatement MethodCall_close CatchClause;TryStatement HasFinallyBlock MethodCall_Other MethodCall_Other CatchClause TryStatement MethodCall_close CatchClause;0;0;0
Case_227_ChatSecure_SINTETICO_8_BUG;TryStatement TryStatement HasFinallyBlock MethodCall_Other MethodCall_Other MethodCall_close CatchClause;TryStatement HasFinallyBlock MethodCall_Other MethodCall_Other CatchClause TryStatement MethodCall_close CatchClause;TryStatement HasFinallyBlock MethodCall_Other MethodCall_Other CatchClause TryStatement MethodCall_close CatchClause;1;0;0
Case_227_ChatSecure_SINTETICO_9_BUG;TryStatement HasFinallyBlock MethodCall_Other MethodCall_Other CatchClause TryStatement MethodCall_close CatchClause;TryStatement HasResources_ImplicitClose MethodCall_Other MethodCall_Other CatchClause;SYNTAX_ERROR;0;1;1
Case_227_ChatSecure_SINTETICO_10_BUG;TryStatement HasFinallyBlock MethodCall_Other MethodCall_Other CatchClause TryStatement MethodCall_close CatchClause;TryStatement HasResources_ImplicitClose MethodCall_Other MethodCall_Other CatchClause;TryStatement HasFinallyBlock MethodCall_Other MethodCall_Other CatchClause TryStatement MethodCall_close CatchClause;0;1;0
Case_230_ChatSecure_SINTETICO_1_BUG;TryStatement HasFinallyBlock MethodCall_Other MethodCall_close MethodCall_Other TryStatement HasFinallyBlock MethodCall_Other MethodCall_Other MethodCall_close;TryStatement HasResources_ImplicitClose MethodCall_Other MethodCall_Other MethodCall_Other TryStatement HasResources_ImplicitClose MethodCall_Other MethodCall_Other;TryStatement HasResources_ImplicitClose MethodCall_Other MethodCall_Other TryStatement HasResources_ImplicitClose MethodCall_Other MethodCall_Other;0;1;1
Case_230_ChatSecure_SINTETICO_2_BUG;TryStatement HasResources_ImplicitClose MethodCall_Other MethodCall_Other MethodCall_Other TryStatement HasResources_ImplicitClose MethodCall_Other MethodCall_Other;TryStatement HasResources_ImplicitClose MethodCall_Other MethodCall_Other MethodCall_Other TryStatement HasResources_ImplicitClose MethodCall_Other MethodCall_Other;TryStatement HasResources_ImplicitClose MethodCall_Other MethodCall_Other TryStatement HasResources_ImplicitClose MethodCall_Other MethodCall_Other;1;1;1
Case_230_ChatSecure_SINTETICO_3_BUG;TryStatement HasResources_ImplicitClose MethodCall_Other MethodCall_Other MethodCall_Other TryStatement HasResources_ImplicitClose MethodCall_Other MethodCall_Other;TryStatement HasResources_ImplicitClose MethodCall_Other MethodCall_Other MethodCall_Other TryStatement HasResources_ImplicitClose MethodCall_Other MethodCall_Other;TryStatement HasResources_ImplicitClose MethodCall_Other MethodCall_Other TryStatement HasResources_ImplicitClose MethodCall_Other MethodCall_Other;1;1;1
Case_230_ChatSecure_SINTETICO_4_BUG;TryStatement HasResources_ImplicitClose MethodCall_Other MethodCall_Other MethodCall_Other TryStatement HasResources_ImplicitClose MethodCall_Other MethodCall_Other;TryStatement HasResources_ImplicitClose MethodCall_Other MethodCall_Other MethodCall_Other TryStatement HasResources_ImplicitClose MethodCall_Other MethodCall_Other;TryStatement HasResources_ImplicitClose MethodCall_Other MethodCall_Other TryStatement HasResources_ImplicitClose MethodCall_Other MethodCall_Other;1;1;1
Case_230_ChatSecure_SINTETICO_5_BUG;TryStatement HasResources_ImplicitClose MethodCall_Other MethodCall_Other MethodCall_Other TryStatement HasResources_ImplicitClose MethodCall_Other MethodCall_Other;TryStatement HasResources_ImplicitClose MethodCall_Other MethodCall_Other MethodCall_Other TryStatement HasResources_ImplicitClose MethodCall_Other MethodCall_Other;TryStatement HasResources_ImplicitClose MethodCall_Other MethodCall_Other TryStatement HasResources_ImplicitClose MethodCall_Other MethodCall_Other;1;1;1
Case_230_ChatSecure_SINTETICO_6_BUG;TryStatement HasFinallyBlock MethodCall_Other MethodCall_close MethodCall_Other TryStatement HasFinallyBlock MethodCall_Other MethodCall_Other MethodCall_close;TryStatement HasResources_ImplicitClose MethodCall_Other MethodCall_Other MethodCall_Other TryStatement HasResources_ImplicitClose MethodCall_Other MethodCall_Other;TryStatement HasResources_ImplicitClose MethodCall_Other MethodCall_Other TryStatement HasResources_ImplicitClose MethodCall_Other MethodCall_Other;0;1;1
Case_230_ChatSecure_SINTETICO_7_BUG;TryStatement HasResources_ImplicitClose MethodCall_Other MethodCall_Other TryStatement HasResources_ImplicitClose MethodCall_Other MethodCall_Other;TryStatement HasResources_ImplicitClose MethodCall_Other MethodCall_Other MethodCall_Other TryStatement HasResources_ImplicitClose MethodCall_Other MethodCall_Other;TryStatement HasResources_ImplicitClose MethodCall_Other MethodCall_Other TryStatement HasResources_ImplicitClose MethodCall_Other MethodCall_Other;1;1;1
Case_230_ChatSecure_SINTETICO_8_BUG;TryStatement HasResources_ImplicitClose MethodCall_Other MethodCall_Other MethodCall_Other TryStatement HasResources_ImplicitClose MethodCall_Other MethodCall_Other;TryStatement HasResources_ImplicitClose MethodCall_Other MethodCall_Other MethodCall_Other TryStatement HasResources_ImplicitClose MethodCall_Other MethodCall_Other;TryStatement HasResources_ImplicitClose MethodCall_Other MethodCall_Other TryStatement HasResources_ImplicitClose MethodCall_Other MethodCall_Other;1;1;1
Case_230_ChatSecure_SINTETICO_9_BUG;TryStatement HasResources_ImplicitClose MethodCall_Other MethodCall_Other TryStatement HasResources_ImplicitClose MethodCall_Other MethodCall_Other;TryStatement HasResources_ImplicitClose MethodCall_Other MethodCall_Other MethodCall_Other TryStatement HasResources_ImplicitClose MethodCall_Other MethodCall_Other;TryStatement HasResources_ImplicitClose MethodCall_Other MethodCall_Other TryStatement HasResources_ImplicitClose MethodCall_Other MethodCall_Other;1;1;1
Case_230_ChatSecure_SINTETICO_10_BUG;TryStatement HasResources_ImplicitClose MethodCall_Other MethodCall_Other TryStatement HasResources_ImplicitClose MethodCall_Other MethodCall_Other;TryStatement HasResources_ImplicitClose MethodCall_Other MethodCall_Other MethodCall_Other TryStatement HasResources_ImplicitClose MethodCall_Other MethodCall_Other;TryStatement HasResources_ImplicitClose MethodCall_Other MethodCall_Other TryStatement HasResources_ImplicitClose MethodCall_Other MethodCall_Other;1;1;1
Case_232_K-9 Mail_SINTETICO_1_BUG;TryStatement HasFinallyBlock MethodCall_Other MethodCall_close;TryStatement HasResources_ImplicitClose MethodCall_Other;TryStatement HasFinallyBlock MethodCall_Other MethodCall_close;0;1;0
Case_232_K-9 Mail_SINTETICO_2_BUG;SYNTAX_ERROR;TryStatement HasResources_ImplicitClose MethodCall_Other;TryStatement HasResources_ImplicitClose MethodCall_Other;1;1;1
Case_232_K-9 Mail_SINTETICO_3_BUG;SYNTAX_ERROR;TryStatement HasResources_ImplicitClose MethodCall_Other;TryStatement HasResources_ImplicitClose MethodCall_Other;1;1;1
Case_232_K-9 Mail_SINTETICO_4_BUG;TryStatement HasFinallyBlock MethodCall_Other MethodCall_close;TryStatement HasResources_ImplicitClose MethodCall_Other;TryStatement HasResources_ImplicitClose MethodCall_Other;0;1;1
Case_232_K-9 Mail_SINTETICO_5_BUG;SYNTAX_ERROR;TryStatement HasResources_ImplicitClose MethodCall_Other;TryStatement HasResources_ImplicitClose MethodCall_Other;1;1;1
Case_232_K-9 Mail_SINTETICO_6_BUG;TryStatement HasFinallyBlock MethodCall_Other MethodCall_close;TryStatement HasResources_ImplicitClose MethodCall_Other;TryStatement HasFinallyBlock MethodCall_Other MethodCall_close;0;1;0
Case_232_K-9 Mail_SINTETICO_7_BUG;TryStatement HasResources_ImplicitClose MethodCall_Other;TryStatement HasResources_ImplicitClose MethodCall_Other;TryStatement HasResources_ImplicitClose MethodCall_Other;1;1;1
Case_232_K-9 Mail_SINTETICO_8_BUG;TryStatement HasFinallyBlock MethodCall_Other MethodCall_close;TryStatement HasResources_ImplicitClose MethodCall_Other;TryStatement HasResources_ImplicitClose MethodCall_Other;0;1;1
Case_232_K-9 Mail_SINTETICO_9_BUG;TryStatement HasFinallyBlock MethodCall_Other MethodCall_close;TryStatement HasResources_ImplicitClose MethodCall_Other;TryStatement HasResources_ImplicitClose MethodCall_Other;0;1;1
Case_232_K-9 Mail_SINTETICO_10_BUG;SYNTAX_ERROR;TryStatement HasResources_ImplicitClose MethodCall_Other;TryStatement HasResources_ImplicitClose MethodCall_Other;1;1;1
Case_264_FBReaderJ_SINTETICO_1_BUG;MethodCall_Other MethodCall_close MethodCall_close;TryStatement HasFinallyBlock MethodCall_Other MethodCall_close;TryStatement HasFinallyBlock MethodCall_Other MethodCall_close;1;0;0
Case_264_FBReaderJ_SINTETICO_2_BUG;TryStatement HasFinallyBlock MethodCall_Other MethodCall_close MethodCall_close;TryStatement HasFinallyBlock MethodCall_Other MethodCall_close;MethodCall_Other MethodCall_close;0;0;0
Case_264_FBReaderJ_SINTETICO_3_BUG;TryStatement HasFinallyBlock MethodCall_Other MethodCall_close;TryStatement HasFinallyBlock MethodCall_Other MethodCall_close;MethodCall_Other MethodCall_close;0;0;0
Case_264_FBReaderJ_SINTETICO_4_BUG;TryStatement HasFinallyBlock MethodCall_Other MethodCall_close;TryStatement HasFinallyBlock MethodCall_Other MethodCall_close;MethodCall_Other MethodCall_close;0;0;0
Case_264_FBReaderJ_SINTETICO_5_BUG;MethodCall_Other MethodCall_close MethodCall_Other;TryStatement HasFinallyBlock MethodCall_Other MethodCall_Other MethodCall_close;MethodCall_Other MethodCall_close MethodCall_Other;0;0;0
Case_264_FBReaderJ_SINTETICO_6_BUG;MethodCall_Other MethodCall_close MethodCall_close;TryStatement HasFinallyBlock MethodCall_Other MethodCall_close;MethodCall_Other MethodCall_close;1;0;0
Case_264_FBReaderJ_SINTETICO_7_BUG;TryStatement HasFinallyBlock MethodCall_Other MethodCall_close;TryStatement HasFinallyBlock MethodCall_Other MethodCall_close;MethodCall_Other;0;0;1
Case_264_FBReaderJ_SINTETICO_8_BUG;TryStatement HasFinallyBlock MethodCall_Other MethodCall_close;TryStatement HasFinallyBlock MethodCall_Other MethodCall_close;MethodCall_Other MethodCall_close;0;0;0
Case_264_FBReaderJ_SINTETICO_9_BUG;TryStatement HasFinallyBlock MethodCall_Other MethodCall_close;TryStatement HasFinallyBlock MethodCall_Other MethodCall_close;MethodCall_Other;0;0;1
Case_264_FBReaderJ_SINTETICO_10_BUG;TryStatement MethodCall_Other MethodCall_close CatchClause MethodCall_close;MethodCall_Other TryStatement MethodCall_close CatchClause;TryStatement HasFinallyBlock MethodCall_Other MethodCall_close;0;0;0
Case_267_Hacker News_SINTETICO_1_BUG;TryStatement HasResources_ImplicitClose MethodCall_Other CatchClause MethodCall_Other TryStatement HasResources_ImplicitClose MethodCall_Other CatchClause MethodCall_Other;TryStatement HasResources_ImplicitClose MethodCall_Other CatchClause MethodCall_Other TryStatement HasResources_ImplicitClose MethodCall_Other CatchClause MethodCall_Other;TryStatement HasResources_ImplicitClose MethodCall_Other CatchClause MethodCall_Other TryStatement HasResources_ImplicitClose MethodCall_Other CatchClause MethodCall_Other;1;1;1
Case_267_Hacker News_SINTETICO_2_BUG;TryStatement HasResources_ImplicitClose MethodCall_Other CatchClause MethodCall_Other TryStatement HasResources_ImplicitClose MethodCall_Other CatchClause MethodCall_Other;TryStatement HasResources_ImplicitClose MethodCall_Other CatchClause MethodCall_Other TryStatement HasResources_ImplicitClose MethodCall_Other CatchClause MethodCall_Other;TryStatement HasResources_ImplicitClose MethodCall_Other CatchClause MethodCall_Other TryStatement HasResources_ImplicitClose MethodCall_Other CatchClause MethodCall_Other;1;1;1
Case_267_Hacker News_SINTETICO_3_BUG;TryStatement HasResources_ImplicitClose MethodCall_Other CatchClause MethodCall_Other TryStatement HasResources_ImplicitClose MethodCall_Other CatchClause MethodCall_Other;TryStatement HasResources_ImplicitClose MethodCall_Other CatchClause MethodCall_Other TryStatement HasResources_ImplicitClose MethodCall_Other CatchClause MethodCall_Other;TryStatement HasResources_ImplicitClose MethodCall_Other CatchClause MethodCall_Other TryStatement HasResources_ImplicitClose MethodCall_Other CatchClause MethodCall_Other;1;1;1
Case_267_Hacker News_SINTETICO_4_BUG;TryStatement HasFinallyBlock MethodCall_Other CatchClause MethodCall_Other TryStatement MethodCall_close CatchClause MethodCall_Other TryStatement HasFinallyBlock MethodCall_Other CatchClause MethodCall_Other TryStatement MethodCall_close CatchClause MethodCall_Other;TryStatement HasResources_ImplicitClose MethodCall_Other CatchClause MethodCall_Other TryStatement HasResources_ImplicitClose MethodCall_Other CatchClause MethodCall_Other;TryStatement HasResources_ImplicitClose MethodCall_Other CatchClause MethodCall_Other TryStatement HasResources_ImplicitClose MethodCall_Other CatchClause MethodCall_Other;0;1;1
Case_267_Hacker News_SINTETICO_5_BUG;TryStatement HasResources_ImplicitClose MethodCall_Other CatchClause MethodCall_Other TryStatement HasResources_ImplicitClose MethodCall_Other CatchClause MethodCall_Other;TryStatement HasResources_ImplicitClose MethodCall_Other CatchClause MethodCall_Other TryStatement HasResources_ImplicitClose MethodCall_Other CatchClause MethodCall_Other;TryStatement HasResources_ImplicitClose MethodCall_Other CatchClause MethodCall_Other TryStatement HasResources_ImplicitClose MethodCall_Other CatchClause MethodCall_Other;1;1;1
Case_267_Hacker News_SINTETICO_6_BUG;TryStatement HasResources_ImplicitClose MethodCall_Other CatchClause MethodCall_Other TryStatement HasResources_ImplicitClose MethodCall_Other CatchClause MethodCall_Other;TryStatement HasResources_ImplicitClose MethodCall_Other CatchClause MethodCall_Other TryStatement HasResources_ImplicitClose MethodCall_Other CatchClause MethodCall_Other;TryStatement HasResources_ImplicitClose MethodCall_Other CatchClause MethodCall_Other TryStatement HasResources_ImplicitClose MethodCall_Other CatchClause MethodCall_Other;1;1;1
Case_267_Hacker News_SINTETICO_7_BUG;TryStatement HasFinallyBlock MethodCall_Other CatchClause MethodCall_Other TryStatement MethodCall_close CatchClause MethodCall_Other TryStatement HasFinallyBlock MethodCall_Other CatchClause MethodCall_Other TryStatement MethodCall_close CatchClause MethodCall_Other;TryStatement HasResources_ImplicitClose MethodCall_Other CatchClause MethodCall_Other TryStatement HasResources_ImplicitClose MethodCall_Other CatchClause MethodCall_Other;TryStatement HasResources_ImplicitClose MethodCall_Other CatchClause MethodCall_Other TryStatement HasResources_ImplicitClose MethodCall_Other CatchClause MethodCall_Other;0;1;1
Case_267_Hacker News_SINTETICO_8_BUG;TryStatement HasFinallyBlock MethodCall_Other CatchClause MethodCall_Other TryStatement MethodCall_close CatchClause MethodCall_Other TryStatement HasFinallyBlock MethodCall_Other CatchClause MethodCall_Other TryStatement MethodCall_close CatchClause MethodCall_Other;TryStatement HasResources_ImplicitClose MethodCall_Other CatchClause MethodCall_Other TryStatement HasResources_ImplicitClose MethodCall_Other CatchClause MethodCall_Other;TryStatement HasResources_ImplicitClose MethodCall_Other CatchClause MethodCall_Other TryStatement HasResources_ImplicitClose MethodCall_Other CatchClause MethodCall_Other;0;1;1
Case_267_Hacker News_SINTETICO_9_BUG;TryStatement HasFinallyBlock MethodCall_Other CatchClause MethodCall_Other TryStatement MethodCall_close CatchClause MethodCall_Other TryStatement HasFinallyBlock MethodCall_Other CatchClause MethodCall_Other TryStatement MethodCall_close CatchClause MethodCall_Other;TryStatement HasResources_ImplicitClose MethodCall_Other CatchClause MethodCall_Other TryStatement HasResources_ImplicitClose MethodCall_Other CatchClause MethodCall_Other;TryStatement HasResources_ImplicitClose MethodCall_Other CatchClause MethodCall_Other TryStatement HasResources_ImplicitClose MethodCall_Other CatchClause MethodCall_Other;0;1;1
Case_267_Hacker News_SINTETICO_10_BUG;TryStatement HasResources_ImplicitClose MethodCall_Other CatchClause MethodCall_Other TryStatement HasResources_ImplicitClose MethodCall_Other CatchClause MethodCall_Other;TryStatement HasResources_ImplicitClose MethodCall_Other CatchClause MethodCall_Other TryStatement HasResources_ImplicitClose MethodCall_Other CatchClause MethodCall_Other;TryStatement HasResources_ImplicitClose MethodCall_Other CatchClause MethodCall_Other TryStatement HasResources_ImplicitClose MethodCall_Other CatchClause MethodCall_Other;1;1;1
Case_267_Hacker News_SINTETICO_11_BUG;TryStatement HasResources_ImplicitClose MethodCall_Other CatchClause MethodCall_Other TryStatement HasResources_ImplicitClose MethodCall_Other CatchClause MethodCall_Other;TryStatement HasResources_ImplicitClose MethodCall_Other CatchClause MethodCall_Other TryStatement HasResources_ImplicitClose MethodCall_Other CatchClause MethodCall_Other;TryStatement HasResources_ImplicitClose MethodCall_Other CatchClause MethodCall_Other TryStatement HasResources_ImplicitClose MethodCall_Other CatchClause MethodCall_Other;1;1;1
Case_269_K-9 Mail_SINTETICO_1_BUG;TryStatement HasResources_ImplicitClose MethodCall_Other MethodCall_Other;TryStatement HasResources_ImplicitClose MethodCall_Other MethodCall_Other;TryStatement HasResources_ImplicitClose MethodCall_Other MethodCall_Other;1;1;1
Case_269_K-9 Mail_SINTETICO_2_BUG;TryStatement HasResources_ImplicitClose MethodCall_Other;TryStatement HasResources_ImplicitClose MethodCall_Other;TryStatement HasResources_ImplicitClose MethodCall_Other;1;1;1
Case_269_K-9 Mail_SINTETICO_3_BUG;TryStatement HasResources_ImplicitClose MethodCall_Other MethodCall_Other;TryStatement HasResources_ImplicitClose MethodCall_Other MethodCall_Other;TryStatement HasResources_ImplicitClose MethodCall_Other MethodCall_Other;1;1;1
Case_269_K-9 Mail_SINTETICO_4_BUG;TryStatement HasFinallyBlock MethodCall_Other MethodCall_close;TryStatement HasResources_ImplicitClose MethodCall_Other;TryStatement HasResources_ImplicitClose MethodCall_Other;0;1;1
Case_269_K-9 Mail_SINTETICO_5_BUG;TryStatement HasFinallyBlock MethodCall_Other MethodCall_close;TryStatement HasResources_ImplicitClose MethodCall_Other;TryStatement HasResources_ImplicitClose MethodCall_Other;0;1;1
Case_269_K-9 Mail_SINTETICO_6_BUG;TryStatement HasFinallyBlock MethodCall_Other MethodCall_Other MethodCall_close;TryStatement HasResources_ImplicitClose MethodCall_Other MethodCall_Other;TryStatement HasResources_ImplicitClose MethodCall_Other MethodCall_Other;0;1;1
Case_269_K-9 Mail_SINTETICO_7_BUG;TryStatement HasResources_ImplicitClose MethodCall_Other MethodCall_Other;TryStatement HasResources_ImplicitClose MethodCall_Other MethodCall_Other;TryStatement HasResources_ImplicitClose MethodCall_Other MethodCall_Other;1;1;1
Case_269_K-9 Mail_SINTETICO_8_BUG;TryStatement HasFinallyBlock MethodCall_Other MethodCall_Other MethodCall_close;TryStatement HasResources_ImplicitClose MethodCall_Other MethodCall_Other;TryStatement HasResources_ImplicitClose MethodCall_Other MethodCall_Other;0;1;1
Case_269_K-9 Mail_SINTETICO_9_BUG;TryStatement HasFinallyBlock MethodCall_Other MethodCall_close;TryStatement HasResources_ImplicitClose MethodCall_Other;TryStatement HasResources_ImplicitClose MethodCall_Other;0;1;1
Case_269_K-9 Mail_SINTETICO_10_BUG;TryStatement HasResources_ImplicitClose MethodCall_Other MethodCall_Other;TryStatement HasResources_ImplicitClose MethodCall_Other MethodCall_Other;TryStatement HasResources_ImplicitClose MethodCall_Other MethodCall_Other;1;1;1
Case_273_Terminal_SINTETICO_1_BUG;TryStatement HasResources_ImplicitClose MethodCall_Other MethodCall_Other MethodCall_Other;TryStatement HasResources_ImplicitClose MethodCall_Other MethodCall_Other MethodCall_Other;TryStatement HasResources_ImplicitClose MethodCall_Other MethodCall_Other MethodCall_Other;1;1;1
Case_273_Terminal_SINTETICO_2_BUG;TryStatement HasResources_ImplicitClose MethodCall_Other;TryStatement HasResources_ImplicitClose MethodCall_Other;TryStatement HasResources_ImplicitClose MethodCall_Other;1;1;1
Case_273_Terminal_SINTETICO_3_BUG;TryStatement HasResources_ImplicitClose MethodCall_Other MethodCall_Other MethodCall_Other;TryStatement HasResources_ImplicitClose MethodCall_Other MethodCall_Other MethodCall_Other;TryStatement HasResources_ImplicitClose MethodCall_Other MethodCall_Other MethodCall_Other;1;1;1
Case_273_Terminal_SINTETICO_4_BUG;TryStatement HasResources_ImplicitClose MethodCall_Other;TryStatement HasResources_ImplicitClose MethodCall_Other;TryStatement HasResources_ImplicitClose MethodCall_Other;1;1;1
Case_273_Terminal_SINTETICO_5_BUG;TryStatement HasResources_ImplicitClose MethodCall_Other MethodCall_Other;TryStatement HasResources_ImplicitClose MethodCall_Other MethodCall_Other;TryStatement HasResources_ImplicitClose MethodCall_Other MethodCall_Other;1;1;1
Case_273_Terminal_SINTETICO_6_BUG;TryStatement HasFinallyBlock MethodCall_Other MethodCall_close;TryStatement HasResources_ImplicitClose MethodCall_Other;TryStatement HasResources_ImplicitClose MethodCall_Other;0;1;1
Case_273_Terminal_SINTETICO_7_BUG;TryStatement HasResources_ImplicitClose MethodCall_Other MethodCall_Other;TryStatement HasResources_ImplicitClose MethodCall_Other MethodCall_Other;TryStatement HasResources_ImplicitClose MethodCall_Other MethodCall_Other;1;1;1
Case_273_Terminal_SINTETICO_8_BUG;TryStatement HasResources_ImplicitClose MethodCall_Other MethodCall_Other MethodCall_Other;TryStatement HasResources_ImplicitClose MethodCall_Other MethodCall_Other MethodCall_Other;TryStatement HasResources_ImplicitClose MethodCall_Other MethodCall_Other MethodCall_Other;1;1;1
Case_273_Terminal_SINTETICO_9_BUG;TryStatement HasResources_ImplicitClose MethodCall_Other;TryStatement HasResources_ImplicitClose MethodCall_Other;TryStatement HasResources_ImplicitClose MethodCall_Other;1;1;1
Case_273_Terminal_SINTETICO_10_BUG;TryStatement HasResources_ImplicitClose MethodCall_Other MethodCall_Other;TryStatement HasResources_ImplicitClose MethodCall_Other MethodCall_Other;TryStatement HasResources_ImplicitClose MethodCall_Other MethodCall_Other;1;1;1
Case_276_VLC_SINTETICO_1_BUG;TryStatement HasFinallyBlock MethodCall_Other TryStatement HasFinallyBlock MethodCall_Other MethodCall_Other MethodCall_Other MethodCall_Other MethodCall_close MethodCall_close;TryStatement HasResources_ImplicitClose MethodCall_Other MethodCall_Other MethodCall_Other MethodCall_Other MethodCall_Other;TryStatement HasResources_ImplicitClose HasFinallyBlock MethodCall_Other MethodCall_Other MethodCall_Other MethodCall_Other MethodCall_Other MethodCall_close MethodCall_close;0;1;0
Case_276_VLC_SINTETICO_2_BUG;TryStatement HasResources_ImplicitClose HasFinallyBlock MethodCall_Other MethodCall_Other MethodCall_Other MethodCall_close MethodCall_close;TryStatement HasResources_ImplicitClose MethodCall_Other MethodCall_Other MethodCall_Other;TryStatement HasResources_ImplicitClose HasFinallyBlock MethodCall_Other MethodCall_Other MethodCall_Other TryStatement HasFinallyBlock MethodCall_close MethodCall_close;0;1;0
Case_276_VLC_SINTETICO_3_BUG;TryStatement HasFinallyBlock MethodCall_Other MethodCall_Other MethodCall_Other MethodCall_Other MethodCall_close MethodCall_close MethodCall_close;TryStatement HasResources_ImplicitClose HasFinallyBlock MethodCall_Other MethodCall_Other MethodCall_Other MethodCall_Other MethodCall_close;TryStatement HasResources_ImplicitClose HasFinallyBlock MethodCall_Other MethodCall_Other MethodCall_Other MethodCall_Other MethodCall_close MethodCall_close;0;0;0
Case_276_VLC_SINTETICO_4_BUG;TryStatement HasResources_ImplicitClose HasFinallyBlock MethodCall_Other MethodCall_Other MethodCall_Other MethodCall_Other MethodCall_Other MethodCall_close MethodCall_close;TryStatement HasResources_ImplicitClose HasFinallyBlock MethodCall_Other MethodCall_Other MethodCall_Other MethodCall_Other MethodCall_Other MethodCall_close MethodCall_close;MethodCall_Other MethodCall_Other MethodCall_Other MethodCall_Other MethodCall_Other MethodCall_close MethodCall_close MethodCall_close;0;0;0
Case_276_VLC_SINTETICO_5_BUG;TryStatement HasFinallyBlock MethodCall_Other MethodCall_Other MethodCall_Other TryStatement HasFinallyBlock MethodCall_close MethodCall_close;TryStatement HasResources_ImplicitClose MethodCall_Other MethodCall_Other MethodCall_Other;TryStatement HasResources_ImplicitClose HasFinallyBlock MethodCall_Other MethodCall_Other MethodCall_Other MethodCall_close;0;1;0
Case_276_VLC_SINTETICO_6_BUG;TryStatement HasFinallyBlock MethodCall_Other MethodCall_Other MethodCall_Other MethodCall_Other MethodCall_Other MethodCall_close MethodCall_close MethodCall_close;TryStatement HasResources_ImplicitClose MethodCall_Other MethodCall_Other MethodCall_Other MethodCall_Other;MethodCall_Other TryStatement HasFinallyBlock MethodCall_Other MethodCall_Other MethodCall_Other MethodCall_close MethodCall_close MethodCall_close;0;1;0
Case_276_VLC_SINTETICO_7_BUG;TryStatement HasFinallyBlock MethodCall_Other MethodCall_Other MethodCall_Other MethodCall_close MethodCall_close;TryStatement HasResources_ImplicitClose MethodCall_Other MethodCall_Other MethodCall_Other;TryStatement HasFinallyBlock MethodCall_Other MethodCall_Other MethodCall_Other MethodCall_close MethodCall_close;0;1;0
Case_276_VLC_SINTETICO_8_BUG;TryStatement HasFinallyBlock TryStatement HasFinallyBlock MethodCall_Other MethodCall_Other MethodCall_Other MethodCall_close MethodCall_close;TryStatement HasResources_ImplicitClose MethodCall_Other MethodCall_Other MethodCall_Other;TryStatement HasFinallyBlock MethodCall_Other MethodCall_Other MethodCall_Other MethodCall_close TryStatement HasFinallyBlock MethodCall_close MethodCall_close;0;1;0
Case_276_VLC_SINTETICO_9_BUG;TryStatement HasFinallyBlock MethodCall_Other MethodCall_Other MethodCall_Other MethodCall_Other MethodCall_close MethodCall_close MethodCall_close;TryStatement HasResources_ImplicitClose MethodCall_Other MethodCall_Other MethodCall_Other MethodCall_Other MethodCall_Other;MethodCall_Other TryStatement HasFinallyBlock MethodCall_Other MethodCall_Other MethodCall_Other MethodCall_close MethodCall_close MethodCall_close;0;1;0
Case_276_VLC_SINTETICO_10_BUG;TryStatement HasFinallyBlock MethodCall_Other MethodCall_Other MethodCall_Other MethodCall_close MethodCall_close;TryStatement HasResources_ImplicitClose MethodCall_Other MethodCall_Other MethodCall_Other;TryStatement HasFinallyBlock MethodCall_Other MethodCall_Other MethodCall_Other MethodCall_close MethodCall_close;0;1;0
Case_283_Ushahidi_SINTETICO_1_BUG;MethodCall_Other MethodCall_release MethodCall_Other MethodCall_Other MethodCall_Other MethodCall_Other MethodCall_release;MethodCall_Other MethodCall_release TryStatement HasFinallyBlock MethodCall_Other MethodCall_Other MethodCall_Other MethodCall_Other MethodCall_release;MethodCall_Other MethodCall_release MethodCall_Other MethodCall_Other MethodCall_Other MethodCall_Other MethodCall_release;0;0;0
Case_283_Ushahidi_SINTETICO_2_BUG;MethodCall_Other MethodCall_release MethodCall_Other MethodCall_Other MethodCall_Other MethodCall_Other MethodCall_release;MethodCall_release TryStatement HasFinallyBlock MethodCall_Other MethodCall_Other MethodCall_Other MethodCall_Other MethodCall_release;MethodCall_release TryStatement HasFinallyBlock MethodCall_Other MethodCall_Other MethodCall_Other MethodCall_Other MethodCall_release;0;0;0
Case_283_Ushahidi_SINTETICO_3_BUG;MethodCall_Other MethodCall_release MethodCall_Other MethodCall_Other MethodCall_Other MethodCall_Other MethodCall_release MethodCall_release;TryStatement HasFinallyBlock MethodCall_Other MethodCall_Other MethodCall_Other MethodCall_Other MethodCall_Other MethodCall_release;MethodCall_Other MethodCall_release MethodCall_Other MethodCall_Other MethodCall_Other MethodCall_Other MethodCall_release;0;0;0
Case_283_Ushahidi_SINTETICO_4_BUG;MethodCall_release MethodCall_Other MethodCall_Other MethodCall_Other MethodCall_Other MethodCall_release;MethodCall_release TryStatement HasFinallyBlock MethodCall_Other MethodCall_Other MethodCall_Other MethodCall_Other MethodCall_release;TryStatement HasFinallyBlock MethodCall_Other MethodCall_Other MethodCall_Other MethodCall_Other MethodCall_release;0;0;0
Case_283_Ushahidi_SINTETICO_5_BUG;MethodCall_release MethodCall_Other MethodCall_Other MethodCall_Other MethodCall_Other MethodCall_release;MethodCall_release TryStatement HasFinallyBlock MethodCall_Other MethodCall_Other MethodCall_Other MethodCall_Other MethodCall_release;MethodCall_release MethodCall_Other MethodCall_Other MethodCall_Other MethodCall_Other MethodCall_release;0;0;0
Case_283_Ushahidi_SINTETICO_6_BUG;MethodCall_Other MethodCall_release MethodCall_Other MethodCall_Other MethodCall_Other MethodCall_Other MethodCall_release;TryStatement HasFinallyBlock MethodCall_Other MethodCall_Other MethodCall_Other MethodCall_Other MethodCall_Other MethodCall_release;TryStatement HasFinallyBlock MethodCall_Other MethodCall_Other MethodCall_Other MethodCall_Other MethodCall_Other MethodCall_release;0;0;0
Case_283_Ushahidi_SINTETICO_7_BUG;MethodCall_release MethodCall_Other MethodCall_Other MethodCall_Other MethodCall_close MethodCall_release MethodCall_release;MethodCall_release TryStatement HasFinallyBlock MethodCall_Other MethodCall_Other MethodCall_Other MethodCall_close MethodCall_release;TryStatement HasFinallyBlock MethodCall_Other MethodCall_Other MethodCall_Other MethodCall_close MethodCall_release;0;0;0
Case_283_Ushahidi_SINTETICO_8_BUG;MethodCall_Other MethodCall_release MethodCall_Other MethodCall_Other MethodCall_Other TryStatement HasFinallyBlock MethodCall_Other MethodCall_release;MethodCall_Other MethodCall_Other MethodCall_release MethodCall_Other MethodCall_Other MethodCall_Other MethodCall_Other MethodCall_release;MethodCall_Other MethodCall_release MethodCall_Other MethodCall_Other MethodCall_Other MethodCall_Other MethodCall_release;0;0;0
Case_283_Ushahidi_SINTETICO_9_BUG;MethodCall_release MethodCall_Other MethodCall_Other MethodCall_Other MethodCall_Other MethodCall_release;MethodCall_release TryStatement HasFinallyBlock MethodCall_Other MethodCall_Other MethodCall_Other MethodCall_Other MethodCall_release;TryStatement HasFinallyBlock MethodCall_Other MethodCall_Other MethodCall_Other MethodCall_Other MethodCall_release;0;0;0
Case_283_Ushahidi_SINTETICO_10_BUG;MethodCall_Other MethodCall_release MethodCall_release MethodCall_Other MethodCall_Other MethodCall_Other MethodCall_release MethodCall_release;MethodCall_Other TryStatement HasFinallyBlock MethodCall_release MethodCall_Other MethodCall_Other MethodCall_Other TryStatement HasFinallyBlock MethodCall_release MethodCall_release;MethodCall_Other MethodCall_release MethodCall_release MethodCall_Other MethodCall_Other MethodCall_Other MethodCall_release MethodCall_release;0;0;0
Case_284_Bitcoin-wallet_SINTETICO_1_BUG;TryStatement HasResources_ImplicitClose MethodCall_Other MethodCall_Other MethodCall_Other MethodCall_Other MethodCall_Other MethodCall_Other;TryStatement HasResources_ImplicitClose MethodCall_Other MethodCall_Other MethodCall_Other MethodCall_Other MethodCall_Other MethodCall_Other;TryStatement HasResources_ImplicitClose MethodCall_Other MethodCall_Other MethodCall_Other MethodCall_Other MethodCall_Other MethodCall_Other;1;1;1
Case_284_Bitcoin-wallet_SINTETICO_2_BUG;TryStatement HasResources_ImplicitClose MethodCall_Other MethodCall_Other MethodCall_Other MethodCall_Other MethodCall_Other MethodCall_Other MethodCall_Other MethodCall_Other;TryStatement HasResources_ImplicitClose MethodCall_Other MethodCall_Other MethodCall_Other MethodCall_Other MethodCall_Other MethodCall_Other MethodCall_Other MethodCall_Other;TryStatement HasResources_ImplicitClose MethodCall_Other MethodCall_Other MethodCall_Other MethodCall_Other MethodCall_Other MethodCall_Other MethodCall_Other MethodCall_Other;1;1;1
Case_284_Bitcoin-wallet_SINTETICO_3_BUG;TryStatement HasResources_ImplicitClose MethodCall_Other MethodCall_Other MethodCall_Other MethodCall_Other MethodCall_Other MethodCall_Other MethodCall_Other MethodCall_Other;TryStatement HasResources_ImplicitClose MethodCall_Other MethodCall_Other MethodCall_Other MethodCall_Other MethodCall_Other MethodCall_Other MethodCall_Other MethodCall_Other MethodCall_Other MethodCall_Other;TryStatement HasResources_ImplicitClose MethodCall_Other MethodCall_Other MethodCall_Other MethodCall_Other MethodCall_Other MethodCall_Other MethodCall_Other MethodCall_Other;1;1;1
Case_284_Bitcoin-wallet_SINTETICO_4_BUG;TryStatement HasResources_ImplicitClose MethodCall_Other MethodCall_Other MethodCall_Other MethodCall_Other MethodCall_Other MethodCall_Other MethodCall_Other MethodCall_Other;TryStatement HasResources_ImplicitClose MethodCall_Other MethodCall_Other MethodCall_Other MethodCall_Other MethodCall_Other MethodCall_Other MethodCall_Other MethodCall_Other;TryStatement HasResources_ImplicitClose MethodCall_Other MethodCall_Other MethodCall_Other MethodCall_Other MethodCall_Other MethodCall_Other MethodCall_Other MethodCall_Other;1;1;1
Case_284_Bitcoin-wallet_SINTETICO_5_BUG;TryStatement HasResources_ImplicitClose MethodCall_Other MethodCall_Other MethodCall_Other MethodCall_Other MethodCall_Other MethodCall_Other MethodCall_Other MethodCall_Other;TryStatement HasResources_ImplicitClose MethodCall_Other MethodCall_Other MethodCall_Other MethodCall_Other MethodCall_Other MethodCall_Other MethodCall_Other MethodCall_Other MethodCall_Other MethodCall_Other;TryStatement HasResources_ImplicitClose MethodCall_Other MethodCall_Other MethodCall_Other MethodCall_Other MethodCall_Other MethodCall_Other MethodCall_Other MethodCall_Other;1;1;1
Case_284_Bitcoin-wallet_SINTETICO_6_BUG;TryStatement HasResources_ImplicitClose MethodCall_Other MethodCall_Other MethodCall_Other MethodCall_Other MethodCall_Other MethodCall_Other MethodCall_Other;TryStatement HasResources_ImplicitClose MethodCall_Other MethodCall_Other MethodCall_Other MethodCall_Other MethodCall_Other MethodCall_Other MethodCall_Other;TryStatement HasResources_ImplicitClose MethodCall_Other MethodCall_Other MethodCall_Other MethodCall_Other MethodCall_Other MethodCall_Other MethodCall_Other;1;1;1
Case_284_Bitcoin-wallet_SINTETICO_7_BUG;TryStatement HasResources_ImplicitClose MethodCall_Other MethodCall_Other MethodCall_Other MethodCall_Other MethodCall_Other MethodCall_Other MethodCall_Other MethodCall_Other MethodCall_Other MethodCall_Other;TryStatement HasResources_ImplicitClose MethodCall_Other MethodCall_Other MethodCall_Other MethodCall_Other MethodCall_Other MethodCall_Other MethodCall_Other MethodCall_Other MethodCall_Other MethodCall_Other;TryStatement HasResources_ImplicitClose MethodCall_Other MethodCall_Other MethodCall_Other MethodCall_Other MethodCall_Other MethodCall_Other MethodCall_Other MethodCall_Other MethodCall_Other MethodCall_Other;1;1;1
Case_284_Bitcoin-wallet_SINTETICO_8_BUG;TryStatement HasResources_ImplicitClose MethodCall_Other MethodCall_Other MethodCall_Other MethodCall_Other MethodCall_Other MethodCall_Other MethodCall_Other MethodCall_Other;TryStatement HasResources_ImplicitClose MethodCall_Other MethodCall_Other MethodCall_Other MethodCall_Other MethodCall_Other MethodCall_Other MethodCall_Other MethodCall_Other MethodCall_Other MethodCall_Other;TryStatement HasResources_ImplicitClose MethodCall_Other MethodCall_Other MethodCall_Other MethodCall_Other MethodCall_Other MethodCall_Other MethodCall_Other MethodCall_Other;1;1;1
Case_284_Bitcoin-wallet_SINTETICO_9_BUG;TryStatement HasResources_ImplicitClose MethodCall_Other MethodCall_Other MethodCall_Other MethodCall_Other MethodCall_Other MethodCall_Other MethodCall_Other MethodCall_Other;TryStatement HasResources_ImplicitClose MethodCall_Other MethodCall_Other MethodCall_Other MethodCall_Other MethodCall_Other MethodCall_Other MethodCall_Other MethodCall_Other MethodCall_Other MethodCall_Other;TryStatement HasResources_ImplicitClose MethodCall_Other MethodCall_Other MethodCall_Other MethodCall_Other MethodCall_Other MethodCall_Other MethodCall_Other MethodCall_Other;1;1;1
Case_284_Bitcoin-wallet_SINTETICO_10_BUG;TryStatement HasResources_ImplicitClose MethodCall_Other MethodCall_Other MethodCall_Other MethodCall_Other MethodCall_Other MethodCall_Other MethodCall_Other MethodCall_Other;TryStatement HasResources_ImplicitClose MethodCall_Other MethodCall_Other MethodCall_Other MethodCall_Other MethodCall_Other MethodCall_Other MethodCall_Other MethodCall_Other;TryStatement HasResources_ImplicitClose MethodCall_Other MethodCall_Other MethodCall_Other MethodCall_Other MethodCall_Other MethodCall_Other MethodCall_Other MethodCall_Other;1;1;1
Case_289_Bankdroid_SINTETICO_1_BUG;TryStatement TryStatement HasFinallyBlock MethodCall_Other MethodCall_Other TryStatement HasFinallyBlock MethodCall_Other MethodCall_Other MethodCall_Other MethodCall_Other MethodCall_Other MethodCall_Other CatchClause MethodCall_Other;TryStatement HasFinallyBlock MethodCall_Other TryStatement HasResources_ImplicitClose MethodCall_Other MethodCall_Other MethodCall_Other MethodCall_Other CatchClause MethodCall_Other MethodCall_Other MethodCall_Other;TryStatement HasFinallyBlock MethodCall_Other MethodCall_Other TryStatement HasResources_ImplicitClose MethodCall_Other MethodCall_Other MethodCall_Other MethodCall_Other CatchClause MethodCall_Other MethodCall_Other MethodCall_Other;0;0;0
Case_289_Bankdroid_SINTETICO_2_BUG;TryStatement HasFinallyBlock MethodCall_Other MethodCall_Other MethodCall_Other TryStatement HasFinallyBlock MethodCall_Other MethodCall_close MethodCall_Other CatchClause MethodCall_Other MethodCall_Other MethodCall_Other;TryStatement HasFinallyBlock MethodCall_Other MethodCall_Other MethodCall_Other TryStatement HasFinallyBlock MethodCall_Other MethodCall_close MethodCall_Other CatchClause MethodCall_Other MethodCall_Other MethodCall_Other;TryStatement MethodCall_Other TryStatement HasResources_ImplicitClose MethodCall_Other MethodCall_Other MethodCall_Other MethodCall_Other CatchClause MethodCall_Other;0;0;1
Case_289_Bankdroid_SINTETICO_3_BUG;TryStatement HasFinallyBlock MethodCall_Other MethodCall_Other MethodCall_Other TryStatement HasFinallyBlock MethodCall_Other MethodCall_Other MethodCall_close CatchClause MethodCall_Other MethodCall_Other MethodCall_Other;TryStatement HasFinallyBlock MethodCall_Other TryStatement HasResources_ImplicitClose MethodCall_Other MethodCall_Other MethodCall_Other MethodCall_Other CatchClause MethodCall_Other MethodCall_Other MethodCall_Other;TryStatement MethodCall_Other TryStatement HasResources_ImplicitClose MethodCall_Other MethodCall_Other MethodCall_Other MethodCall_Other CatchClause MethodCall_Other;0;0;1
Case_289_Bankdroid_SINTETICO_4_BUG;TryStatement MethodCall_Other MethodCall_Other TryStatement HasFinallyBlock MethodCall_Other MethodCall_Other MethodCall_Other MethodCall_Other CatchClause MethodCall_Other;TryStatement MethodCall_Other TryStatement HasFinallyBlock MethodCall_Other MethodCall_Other MethodCall_Other MethodCall_Other MethodCall_Other MethodCall_Other CatchClause MethodCall_Other;TryStatement MethodCall_Other TryStatement HasResources_ImplicitClose MethodCall_Other MethodCall_Other MethodCall_Other MethodCall_Other CatchClause MethodCall_Other;0;0;1
Case_289_Bankdroid_SINTETICO_5_BUG;TryStatement TryStatement HasFinallyBlock MethodCall_Other MethodCall_Other MethodCall_Other TryStatement HasFinallyBlock MethodCall_Other MethodCall_close MethodCall_Other MethodCall_Other MethodCall_Other CatchClause MethodCall_Other;TryStatement MethodCall_Other TryStatement HasFinallyBlock MethodCall_Other MethodCall_Other MethodCall_Other MethodCall_Other MethodCall_Other MethodCall_Other CatchClause MethodCall_Other MethodCall_Other MethodCall_Other;TryStatement MethodCall_Other MethodCall_Other TryStatement HasResources_ImplicitClose MethodCall_Other MethodCall_Other MethodCall_Other MethodCall_Other CatchClause MethodCall_Other;0;0;1
Case_289_Bankdroid_SINTETICO_6_BUG;TryStatement TryStatement HasFinallyBlock MethodCall_Other MethodCall_Other TryStatement HasFinallyBlock MethodCall_Other MethodCall_Other MethodCall_Other MethodCall_Other MethodCall_Other MethodCall_Other CatchClause MethodCall_Other;TryStatement HasFinallyBlock MethodCall_Other TryStatement HasResources_ImplicitClose MethodCall_Other MethodCall_Other MethodCall_Other MethodCall_Other CatchClause MethodCall_Other MethodCall_Other MethodCall_Other;TryStatement TryStatement HasFinallyBlock MethodCall_Other MethodCall_Other TryStatement HasResources_ImplicitClose MethodCall_Other MethodCall_Other MethodCall_Other MethodCall_Other MethodCall_Other MethodCall_Other CatchClause MethodCall_Other;0;0;0
Case_289_Bankdroid_SINTETICO_7_BUG;TryStatement TryStatement HasFinallyBlock MethodCall_Other MethodCall_Other MethodCall_Other TryStatement HasFinallyBlock MethodCall_Other MethodCall_Other MethodCall_close MethodCall_Other MethodCall_Other CatchClause MethodCall_Other;TryStatement HasFinallyBlock MethodCall_Other TryStatement HasResources_ImplicitClose MethodCall_Other MethodCall_Other MethodCall_Other MethodCall_Other CatchClause MethodCall_Other MethodCall_Other MethodCall_Other;TryStatement MethodCall_Other TryStatement HasResources_ImplicitClose MethodCall_Other MethodCall_Other MethodCall_Other MethodCall_Other CatchClause MethodCall_Other;0;0;1
Case_289_Bankdroid_SINTETICO_8_BUG;TryStatement HasFinallyBlock MethodCall_Other MethodCall_Other MethodCall_Other MethodCall_Other MethodCall_Other CatchClause MethodCall_Other MethodCall_Other MethodCall_Other;TryStatement HasFinallyBlock MethodCall_Other TryStatement HasResources_ImplicitClose MethodCall_Other MethodCall_Other MethodCall_Other MethodCall_Other CatchClause MethodCall_Other MethodCall_Other MethodCall_Other;TryStatement MethodCall_Other MethodCall_Other TryStatement HasResources_ImplicitClose MethodCall_Other MethodCall_Other MethodCall_Other MethodCall_Other CatchClause MethodCall_Other;1;0;1
Case_289_Bankdroid_SINTETICO_9_BUG;TryStatement TryStatement HasFinallyBlock MethodCall_Other MethodCall_Other MethodCall_Other TryStatement HasFinallyBlock MethodCall_Other MethodCall_close MethodCall_Other MethodCall_Other MethodCall_Other CatchClause MethodCall_Other;TryStatement HasFinallyBlock MethodCall_Other TryStatement HasFinallyBlock MethodCall_Other MethodCall_Other MethodCall_Other MethodCall_Other MethodCall_Other MethodCall_Other MethodCall_Other MethodCall_close CatchClause MethodCall_Other MethodCall_Other MethodCall_Other;TryStatement MethodCall_Other MethodCall_Other TryStatement HasResources_ImplicitClose MethodCall_Other MethodCall_Other MethodCall_Other MethodCall_Other CatchClause MethodCall_Other;0;0;1
Case_289_Bankdroid_SINTETICO_10_BUG;TryStatement TryStatement HasFinallyBlock MethodCall_Other MethodCall_Other MethodCall_Other TryStatement HasFinallyBlock MethodCall_Other MethodCall_close MethodCall_Other MethodCall_Other MethodCall_Other CatchClause MethodCall_Other;TryStatement HasFinallyBlock MethodCall_Other TryStatement HasResources_ImplicitClose MethodCall_Other MethodCall_Other MethodCall_Other MethodCall_Other CatchClause MethodCall_Other MethodCall_Other MethodCall_Other;TryStatement MethodCall_Other TryStatement HasResources_ImplicitClose MethodCall_Other MethodCall_Other MethodCall_Other MethodCall_Other CatchClause MethodCall_Other;0;0;1
